source,target
Grow Your Own Cloud,Molecule
Grow Your Own Cloud,ClimateDAO 
Grow Your Own Cloud,Clime DAO
Grow Your Own Cloud,Protein Community
Grow Your Own Cloud,Gitcoin
Grow Your Own Cloud,PrimeDAO
_slow_crypto - Fabrics of Reality,ForeFront
_slow_crypto - Fabrics of Reality,Regen Network
_slow_crypto - Fabrics of Reality,Kernel
_slow_crypto - Fabrics of Reality,Surge Women
_slow_crypto - Fabrics of Reality,1Hive
_slow_crypto - Fabrics of Reality,Gitcoin
_slow_crypto - Fabrics of Reality,Dream DAO
_slow_crypto - Fabrics of Reality,SuperBenefit
_slow_crypto - Fabrics of Reality,Leyline
_slow_crypto - Fabrics of Reality,DoinGud
0xdaoApe,Longtail Financial
0xdaoApe,Kleros
0xdaoApe,Regen Network
0xdaoApe,Proof of Humanity
0xdaoApe,PrimeDAO
0xdaoApe,KlimaDAO
0xdaoApe,1Hive
0xdaoApe,Gitcoin
0xdaoApe,GitcoinDAO
0xdaoApe,TEC
0xdaoApe,Giveth
0xdaoApe,1Hive Gardens
1Hive,Curve Labs
1Hive,1Hive Gardens
1Hive,GitcoinDAO
1Hive,Citizen DAO
1Hive,DeveloperDAO
1Hive,Gitcoin
1Hive,Giveth
1Hive,Kokonut Network
1Hive,Kolektivo
1Hive,Longtail Financial
1Hive,Panvala
1Hive,PrimeDAO
1Hive,Protein Community
1Hive,Spark Eco
1Hive,TEC
1Hive,voizdao
AcreDAOS,Toucan
AcreDAOS,ReFi DAO
AcreDAOS,Return Protocol
AcreDAOS,Kokonut Network
AcreDAOS,The Eden Dao
AcreDAOS,Blockchain for Climate foundation
AcreDAOS,All for Climate DAO
AcreDAOS,Giveth
AcreDAOS,DOER Money DAO
AcreDAOS,Open Forest Protocol 
AcreDAOS,Regen Network
AcreDAOS,Impact
AcreDAOS,Giving Block
AcreDAOS,VitaDAO
AcreDAOS,KlimaDAO
AcreDAOS,DoinGud
AcreDAOS,AYOWECCA
AcreDAOS,Endaoment
AcreDAOS,Aera Force
AcreDAOS,AntidoteDAO
AcreDAOS,Avano
AcreDAOS,Basin DAO
AcreDAOS,Bloomeria
AcreDAOS,Carbon Captors 
AcreDAOS,Carbon Collectible NFTs
AcreDAOS,Citizen DAO
AcreDAOS,ClimateDAO 
AcreDAOS,Xplorer Club. Environment.wiki
AcreDAOS,EarthFund
AcreDAOS,LOA Labs
AcreDAOS,Bloom Network
AcreDAOS,PrimeDAO
Aera Force,Citizen DAO
Aera Force,Return Protocol
Aera Force,Basin DAO
Aera Force,Protein Community
Aera Force,Ecorise
Aera Force,All for Climate DAO
Aera Force,Blockchain for Climate foundation
Aera Force,ClimateDAO 
Aera Force,The Eden Dao
Aera Force,KlimaDAO
Aera Force,Toucan
Aera Force,AntidoteDAO
Aera Force,Avano
Aera Force,Carbon Captors 
Aera Force,Carbon Collectible NFTs
Aera Force,Xplorer Club. Environment.wiki
Aera Force,Cool Points Club
Aera Force,Earthbanc
Aera Force,ixo
Aera Force,LOA Labs
Aera Force,Bloom Network
Aera Force,PrimeDAO
Aera Force,ReFi DAO
Aera Force,Regen Network
Aera Force,senken
Aera Force,Solid World DAO
All for Climate DAO,Nori
All for Climate DAO,ixo
All for Climate DAO,EthicHub
All for Climate DAO,Return Protocol
All for Climate DAO,ReFi DAO
All for Climate DAO,Future Foundation
All for Climate DAO,Curve Labs
All for Climate DAO,Ecorise
All for Climate DAO,Open Forest Protocol 
All for Climate DAO,Diatom DAO
All for Climate DAO,Citizen DAO
All for Climate DAO,ClimateDAO 
All for Climate DAO,Ecodao
All for Climate DAO,Kolektivo
All for Climate DAO,Earthcoin
All for Climate DAO,The Eden Dao
All for Climate DAO,KlimaDAO
All for Climate DAO,GitcoinDAO
All for Climate DAO,Spark Eco
All for Climate DAO,DeveloperDAO
All for Climate DAO,AYOWECCA
All for Climate DAO,Giveth
All for Climate DAO,Regen Network
All for Climate DAO,Toucan
All for Climate DAO,Bloom Network
All for Climate DAO,Blockchain for Climate foundation
All for Climate DAO,Dream DAO
All for Climate DAO,AntidoteDAO
All for Climate DAO,Avano
All for Climate DAO,Basin DAO
All for Climate DAO,Blood M1n3
All for Climate DAO,Bloomeria
All for Climate DAO,Carbon Captors 
All for Climate DAO,Carbon Collectible NFTs
All for Climate DAO,Cherubs DAO
All for Climate DAO,Climate Finance DAO
All for Climate DAO,Clime DAO
All for Climate DAO,Xplorer Club. Environment.wiki
All for Climate DAO,Earth.fm
All for Climate DAO,EarthFund
All for Climate DAO,Gitcoin
All for Climate DAO,Gr√ºenDAO
All for Climate DAO,katalyst.earth
All for Climate DAO,Kokonut Network
All for Climate DAO,LOA Labs
All for Climate DAO,Longtail Financial
All for Climate DAO,Menthol Protocol
All for Climate DAO,Open Earth Foundation
All for Climate DAO,Protein Community
All for Climate DAO,senken
All for Climate DAO,Solid World DAO
All for Climate DAO,Sovereign Nature Initiative
All for Climate DAO,Treejer
All for Climate DAO,MOONJELLY
Edible Burners,Socialstack
Edible Burners,VitaDAO
Edible Burners,Proof of Humanity
Edible Burners,Proof of Integrity
Edible Burners,PizzaDAO
Edible Burners,DeveloperDAO
Edible Burners,Blood M1n3
Angel Protocol,Regen Network
Angel Protocol,Future Foundation
Angel Protocol,AntidoteDAO
Angel Protocol,Citizen DAO
Angel Protocol,Xplorer Club. Environment.wiki
Angel Protocol,Impact
Angel Protocol,ixo
Angel Protocol,Leyline
Angel Protocol,Protein Community
AntidoteDAO,Curve Labs
AntidoteDAO,Cabin
AntidoteDAO,Cohere
AntidoteDAO,OpSci
AntidoteDAO,Impact
AntidoteDAO,Endaoment
AntidoteDAO,ixo
AntidoteDAO,LOA Labs
AntidoteDAO,GitcoinDAO
AntidoteDAO,Surge Women
AntidoteDAO,Ecorise
AntidoteDAO,Future Foundation
AntidoteDAO,LabDAO
AntidoteDAO,Popcorn Network
AntidoteDAO,Open Forest Protocol 
AntidoteDAO,PsyDAO
AntidoteDAO,Meta Gamma Delta DAO 
AntidoteDAO,Carbon Captors 
AntidoteDAO,Cherubs DAO
AntidoteDAO,KlimaDAO
AntidoteDAO,Thirsty Thirsty
AntidoteDAO,BioDAO
AntidoteDAO,Citizen DAO
AntidoteDAO,DeveloperDAO
AntidoteDAO,Basin DAO
AntidoteDAO,Solid World DAO
AntidoteDAO,Avano
AntidoteDAO,EarthFund
AntidoteDAO,Diatom DAO
AntidoteDAO,Give Safely
AntidoteDAO,Return Protocol
AntidoteDAO,HumanDAO
AntidoteDAO,Regen Network
AntidoteDAO,Foresight Institute DAO
AntidoteDAO,dClimate
AntidoteDAO,Giving Block
AntidoteDAO,ClimateDAO 
AntidoteDAO,ReFi DAO
AntidoteDAO,Molecule
AntidoteDAO,The Eden Dao
AntidoteDAO,VitaDAO
AntidoteDAO,Dream DAO
AntidoteDAO,PrimeDAO
AntidoteDAO,Blood M1n3
AntidoteDAO,Kokonut Network
Ants-review,Surge Women
Ants-review,Lynx
Ants-review,LabDAO
Ants-review,TEC
Ants-review,VitaDAO
Ants-review,Molecule
Ants-review,Atoms
Ants-review,OpSci
Ants-review,DoinGud
Ants-review,Kernel
Ants-review,Parcel.money
Ants-review,Meta Gamma Delta DAO 
Ants-review,she256
Ants-review,GitcoinDAO
Ants-review,Planetary Resilience DAO
Ants-review,Cosmos
Ants-review,PR1S0N Art
Aquari,ClimateDAO 
Aquari,Kokonut Network
Aquari,LOA Labs
Artizen,DoinGud
Artizen,Crypto Culture and Society
Artizen,ClimateDAO 
Artizen,Regen Network
Artizen,Protein Community
Artizen,she256
Artizen,Solid World DAO
Artizen,Ecodao
Artizen,KlimaDAO
Artizen,Cabin
Artizen,Proof of Humanity
Artizen,Kleros
Artizen,GitcoinDAO
Astral Protocol,Regen Network
Astral Protocol,Celo
Astral Protocol,dClimate
Astral Protocol,Return Protocol
Astral Protocol,Project Ark
Astral Protocol,Toucan
Astral Protocol,GitcoinDAO
Astral Protocol,Geo Web
Astral Protocol,Open Forest Protocol 
Astral Protocol,KlimaDAO
Astral Protocol,Curve Labs
Astral Protocol,PR1S0N Art
Astral Protocol,Bloom Network
Astral Protocol,Kernel
Astral Protocol,Avano
Astral Protocol,Carbon Captors 
Astral Protocol,Planetary Resilience DAO
Astral Protocol,Kokonut Network
Astral Protocol,Kolektivo
Astral Protocol,PrimeDAO
Astral Protocol,Protein Community
Astral Protocol,Sovereign Nature Initiative
Astral Protocol,MOONJELLY
Atoms,Foresight Institute DAO
Atoms,Molecule
Atoms,OpSci
Atoms,VitaDAO
Avano,Giveth
Avano,Geo Web
Avano,LOA Labs
Avano,Carbon Captors 
Avano,Xplorer Club. Environment.wiki
Avano,Spark Eco
Avano,Menthol Protocol
Avano,katalyst.earth
Avano,EarthFund
Avano,Kokonut Network
Avano,Citizen DAO
Avano,Cohere
Avano,Treejer
Avano,Kolektivo
Avano,Return Protocol
Avano,senken
Avano,Sovereign Nature Initiative
Avano,ClimateDAO 
Avano,The Eden Dao
Avano,Nori
Avano,MOONJELLY
Avano,AYOWECCA
Avano,Solid World DAO
Avano,Ecorise
Avano,Open Forest Protocol 
Avano,Diatom DAO
Avano,Regen Network
Avano,Bloomeria
Avano,dClimate
Avano,Toucan
Avano,ReFi DAO
Avano,TEC
Avano,Bloom Network
Avano,Dream DAO
Avano,Gain Forest
Avano,NFTree Haus
Avano,Basin DAO
AYOWECCA,Toucan
AYOWECCA,Panvala
AYOWECCA,Spark Eco
AYOWECCA,Xplorer Club. Environment.wiki
AYOWECCA,ReFi DAO
AYOWECCA,senken
Basin DAO,Earthbanc
Basin DAO,Socialstack
Basin DAO,Popcorn Network
Basin DAO,GitcoinDAO
Basin DAO,LOA Labs
Basin DAO,ReFi DAO
Basin DAO,Solid World DAO
Basin DAO,ixo
Basin DAO,Ecorise
Basin DAO,Celo
Basin DAO,Toucan
Basin DAO,Ecodao
Basin DAO,The Eden Dao
Basin DAO,KlimaDAO
Basin DAO,ClimateDAO 
Basin DAO,Regen Network
Basin DAO,dClimate
Basin DAO,Longtail Financial
Basin DAO,Bloom Network
Basin DAO,Carbon Captors 
Basin DAO,Citizen DAO
Basin DAO,Climate Finance DAO
Basin DAO,Clime DAO
Basin DAO,Xplorer Club. Environment.wiki
Basin DAO,EarthFund
Basin DAO,katalyst.earth
Basin DAO,Kokonut Network
Basin DAO,Mercy Corps Ventures FinX
Basin DAO,Open Forest Protocol 
Basin DAO,Return Protocol
Basin DAO,Sovereign Nature Initiative
Basin DAO,Spark Eco
Basin DAO,voizdao
Basin DAO,MOONJELLY
Basin DAO,Project Ark
BioDAO,PsyDAO
BioDAO,LabDAO
BioDAO,OpSci
BioDAO,VitaDAO
BioDAO,Foresight Institute DAO
Blockchain for Climate foundation,Toucan
Blockchain for Climate foundation,voizdao
Blockchain for Climate foundation,Sovereign Nature Initiative
Blockchain for Climate foundation,KlimaDAO
Blockchain for Climate foundation,DoinGud
Blockchain for Climate foundation,Open Earth Foundation
Blockchain for Climate foundation,Giving Block
Blockchain for Climate foundation,Regen Network
Blockchain for Climate foundation,Giveth
Blockchain for Climate foundation,she256
Blockchain for Climate foundation,ixo
Blockchain for Climate foundation,Nori
Blockchain for Climate foundation,Planetary Resilience DAO
Blockchain for Climate foundation,Gain Forest
Blockchain for Climate foundation,Cosmos
Blockchain for Climate foundation,Blood M1n3
Blockchain for Climate foundation,Carbon Captors 
Blockchain for Climate foundation,Carbon Collectible NFTs
Blockchain for Climate foundation,ClimateDAO 
Blockchain for Climate foundation,Climate Finance DAO
Blockchain for Climate foundation,Clime DAO
Blockchain for Climate foundation,Xplorer Club. Environment.wiki
Blockchain for Climate foundation,Earth.fm
Blockchain for Climate foundation,Earthbanc
Blockchain for Climate foundation,EarthFund
Blockchain for Climate foundation,Kokonut Network
Blockchain for Climate foundation,LOA Labs
Blockchain for Climate foundation,ReFi DAO
Blockchain for Climate foundation,Return Protocol
Blockchain for Climate foundation,MOONJELLY
Blockchain for Climate foundation,Project Ark
Blood M1n3,DoinGud
Blood M1n3,EthicHub
Blood M1n3,Cohere
Blood M1n3,Carbon Collectible NFTs
Blood M1n3,Celo
Blood M1n3,Earthcoin
Blood M1n3,The Eden Dao
Blood M1n3,Diatom DAO
Blood M1n3,Dream DAO
Blood M1n3,EarthFund
Blood M1n3,PeopleDAO
Blood M1n3,Solid World DAO
Blood M1n3,Spark Eco
Blood M1n3,Carbon Captors 
Blood M1n3,ixo
Blood M1n3,Sovereign Nature Initiative
Blood M1n3,Kolektivo
Blood M1n3,Kernel
Blood M1n3,KlimaDAO
Blood M1n3,GitcoinDAO
Blood M1n3,Gitcoin
Blood M1n3,Ecorise
Blood M1n3,Open Forest Protocol 
Blood M1n3,Giveth
Blood M1n3,Return Protocol
Blood M1n3,Regen Network
Blood M1n3,Bloomeria
Blood M1n3,dClimate
Blood M1n3,Nectar Protocol
Blood M1n3,LOA Labs
Blood M1n3,Toucan
Blood M1n3,ClimateDAO 
Blood M1n3,Climate Finance DAO
Blood M1n3,ReFi DAO
Blood M1n3,TEC
Blood M1n3,Future Foundation
Blood M1n3,Ecodao
Bloomeria,Earthbanc
Bloomeria,Ecorise
Bloomeria,Carbon Captors 
Bloomeria,Sovereign Nature Initiative
Bloomeria,ClimateDAO 
Bloomeria,Solid World DAO
Bloomeria,EarthFund
Bloomeria,Return Protocol
Bloomeria,Dream DAO
Bloomeria,ReFi DAO
Bloomeria,MOONJELLY
Bloomeria,Treejer
Bloomeria,Open Forest Protocol 
Bloomeria,The Eden Dao
Bloomeria,KlimaDAO
Bloomeria,Meta Gamma Delta DAO 
Bloomeria,GitcoinDAO
Bloomeria,Kernel
Bloomeria,Giveth
Bloomeria,Regen Network
Bloomeria,LOA Labs
Bloomeria,Toucan
Bloomeria,Giving Block
Bloomeria,Climate Finance DAO
Bloomeria,Panvala
Bloomeria,Kleros
Bloomeria,Bloom Network
Bloomeria,Xplorer Club. Environment.wiki
Bloomeria,katalyst.earth
Bloomeria,Kokonut Network
Bloomeria,PrimeDAO
Brokoli,LOA Labs
Brokoli,Project Ark
Carbon Captors ,Earthbanc
Carbon Captors ,LOA Labs
Carbon Captors ,Menthol Protocol
Carbon Captors ,senken
Carbon Captors ,Celo
Carbon Captors ,Kumo Earth
Carbon Captors ,EarthFund
Carbon Captors ,dClimate
Carbon Captors ,Kernel
Carbon Captors ,Solid World DAO
Carbon Captors ,Treejer
Carbon Captors ,Future Foundation
Carbon Captors ,Open Forest Protocol 
Carbon Captors ,Nori
Carbon Captors ,GitcoinDAO
Carbon Captors ,KlimaDAO
Carbon Captors ,The Eden Dao
Carbon Captors ,DeveloperDAO
Carbon Captors ,Gitcoin
Carbon Captors ,Ecorise
Carbon Captors ,Return Protocol
Carbon Captors ,Regen Network
Carbon Captors ,Toucan
Carbon Captors ,ClimateDAO 
Carbon Captors ,Climate Finance DAO
Carbon Captors ,ReFi DAO
Carbon Captors ,Dream DAO
Carbon Captors ,Carbon Collectible NFTs
Carbon Captors ,Xplorer Club. Environment.wiki
Carbon Captors ,Kokonut Network
Carbon Captors ,Protein Community
Carbon Collectible NFTs,Ecorise
Carbon Collectible NFTs,Popcorn Network
Carbon Collectible NFTs,ixo
Carbon Collectible NFTs,Treejer
Carbon Collectible NFTs,Toucan
Carbon Collectible NFTs,dClimate
Carbon Collectible NFTs,Gr√ºenDAO
Carbon Collectible NFTs,Kokonut Network
Carbon Collectible NFTs,Curve Labs
Carbon Collectible NFTs,Earth.fm
Carbon Collectible NFTs,GreenClimateDAO
Carbon Collectible NFTs,ReFi DAO
Carbon Collectible NFTs,ClimateDAO 
Carbon Collectible NFTs,Solid World DAO
Carbon Collectible NFTs,MOONJELLY
Carbon Collectible NFTs,Earthcoin
Carbon Collectible NFTs,DeveloperDAO
Carbon Collectible NFTs,Open Forest Protocol 
Carbon Collectible NFTs,Return Protocol
Carbon Collectible NFTs,Menthol Protocol
Carbon Collectible NFTs,Impact
Celo,Curve Labs
Celo,Toucan
Celo,EthicHub
Celo,Mercy Corps Ventures FinX
Celo,PrimeDAO
Celo,Dream DAO
Celo,ReFi DAO
Celo,Socialstack
Celo,Kolektivo
Celo,Regen Network
Celo,she256
Celo,Giving Block
Celo,GitcoinDAO
Celo,UNICEF CryptoFund
Celo,Cosmos
Celo,ClimateDAO 
Celo,Clime DAO
Celo,Xplorer Club. Environment.wiki
Celo,DeveloperDAO
Celo,Earthbanc
Celo,EarthFund
Celo,Ecorise
Celo,Endaoment
Celo,katalyst.earth
Celo,Kokonut Network
Celo,LOA Labs
Celo,Longtail Financial
Celo,Menthol Protocol
Celo,Open Forest Protocol 
Celo,Protein Community
Celo,Return Protocol
Celo,Ribon
Celo,senken
Celo,Spark Eco
Celo,Treejer
Celo,VitaDAO
Cheerbot,Tip Party
Cheerbot,Gitcoin
Cherubs DAO,Giveth
Cherubs DAO,Cabin
Cherubs DAO,Molecule
Cherubs DAO,Impact
Cherubs DAO,VitaDAO
Cherubs DAO,DoinGud
Cherubs DAO,Future Foundation
Cherubs DAO,GitcoinDAO
Cherubs DAO,Giving Block
Circonomy,ReFi DAO
Circonomy,SolidarityCard
Circonomy,Sovereign Nature Initiative
Circonomy,Kolektivo
Circonomy,GitcoinDAO
Citizen DAO,Xplorer Club. Environment.wiki
Citizen DAO,Cohere
Citizen DAO,Popcorn Network
Citizen DAO,LOA Labs
Citizen DAO,Climate Finance DAO
Citizen DAO,Solid World DAO
Citizen DAO,ReFi DAO
Citizen DAO,MOONJELLY
Citizen DAO,NFTree Haus
Citizen DAO,Sovereign Nature Initiative
Citizen DAO,Open Forest Protocol 
Citizen DAO,ClimateDAO 
Citizen DAO,Earthcoin
Citizen DAO,VitaDAO
Citizen DAO,LabDAO
Citizen DAO,Tip Party
Citizen DAO,1Hive Gardens
Citizen DAO,KlimaDAO
Citizen DAO,Impact
Citizen DAO,The Eden Dao
Citizen DAO,GitcoinDAO
Citizen DAO,Kolektivo
Citizen DAO,Gitcoin
Citizen DAO,Spark Eco
Citizen DAO,she256
Citizen DAO,DeveloperDAO
Citizen DAO,Code4rena
Citizen DAO,Diatom DAO
Citizen DAO,Giveth
Citizen DAO,ForeFront
Citizen DAO,Regen Network
Citizen DAO,Endaoment
Citizen DAO,Giving Block
Citizen DAO,Toucan
Citizen DAO,OCEAN Protocol
Citizen DAO,Cabin
Citizen DAO,Molecule
Citizen DAO,TEC
Citizen DAO,Surge Women
Citizen DAO,Future Foundation
Citizen DAO,Ecodao
Citizen DAO,Grassroots Economics
Citizen DAO,PactDAO
Citizen DAO,Dream DAO
Citizen DAO,Crypto Culture and Society
Citizen DAO,PrimeDAO
Citizen DAO,EarthFund
Citizen DAO,Protein Community
ClimateDAO ,Ecorise
ClimateDAO ,Cabin
ClimateDAO ,Mercy Corps Ventures FinX
ClimateDAO ,senken
ClimateDAO ,VitaDAO
ClimateDAO ,Gitcoin
ClimateDAO ,Future Foundation
ClimateDAO ,SuperBenefit
ClimateDAO ,Return Protocol
ClimateDAO ,DOER Money DAO
ClimateDAO ,PizzaDAO
ClimateDAO ,Kernel
ClimateDAO ,Diatom DAO
ClimateDAO ,Solid World DAO
ClimateDAO ,ReFi DAO
ClimateDAO ,Open Forest Protocol 
ClimateDAO ,The Eden Dao
ClimateDAO ,KlimaDAO
ClimateDAO ,Thirsty Thirsty
ClimateDAO ,Spark Eco
ClimateDAO ,DeveloperDAO
ClimateDAO ,EarthFund
ClimateDAO ,Regen Network
ClimateDAO ,dClimate
ClimateDAO ,Toucan
ClimateDAO ,Project Ark
ClimateDAO ,Cosmos
ClimateDAO ,TEC
ClimateDAO ,Protein Community
ClimateDAO ,Ecodao
ClimateDAO ,PactDAO
ClimateDAO ,Dream DAO
ClimateDAO ,Crypto Culture and Society
ClimateDAO ,PrimeDAO
ClimateDAO ,Climate Finance DAO
ClimateDAO ,Clime DAO
ClimateDAO ,Xplorer Club. Environment.wiki
ClimateDAO ,Gr√ºenDAO
ClimateDAO ,katalyst.earth
ClimateDAO ,Kokonut Network
ClimateDAO ,LOA Labs
ClimateDAO ,Longtail Financial
ClimateDAO ,Menthol Protocol
ClimateDAO ,Open Earth Foundation
ClimateDAO ,PR1S0N Art
ClimateDAO ,Sovereign Nature Initiative
ClimateDAO ,Surge Women
ClimateDAO ,MOONJELLY
Climate Finance DAO,PrimeDAO
Climate Finance DAO,Popcorn Network
Climate Finance DAO,Sovereign Nature Initiative
Climate Finance DAO,Treejer
Climate Finance DAO,Proof of Humanity
Climate Finance DAO,Ecodao
Climate Finance DAO,DeveloperDAO
Climate Finance DAO,Tip Party
Climate Finance DAO,Gitcoin
Climate Finance DAO,Open Earth Foundation
Climate Finance DAO,The Eden Dao
Climate Finance DAO,Toucan
Climate Finance DAO,Diatom DAO
Climate Finance DAO,GitcoinDAO
Climate Finance DAO,Nori
Climate Finance DAO,Regen Network
Climate Finance DAO,Bloom Network
Climate Finance DAO,Xplorer Club. Environment.wiki
Climate Finance DAO,EarthFund
Climate Finance DAO,Menthol Protocol
Climate Finance DAO,ReFi DAO
Climate Finance DAO,MOONJELLY
Clime DAO,LOA Labs
Clime DAO,Cohere
Clime DAO,Earthcoin
Clime DAO,The Eden Dao
Clime DAO,Solid World DAO
Clime DAO,Return Protocol
Clime DAO,KlimaDAO
Clime DAO,Treejer
Clime DAO,Toucan
Clime DAO,ReFi DAO
Clime DAO,Popcorn Network
Clime DAO,Dream DAO
Xplorer Club. Environment.wiki,ixo
Xplorer Club. Environment.wiki,MOONJELLY
Xplorer Club. Environment.wiki,Regen Network
Xplorer Club. Environment.wiki,Earthcoin
Xplorer Club. Environment.wiki,Diatom DAO
Xplorer Club. Environment.wiki,Earth.fm
Xplorer Club. Environment.wiki,Tip Party
Xplorer Club. Environment.wiki,EarthFund
Xplorer Club. Environment.wiki,Toucan
Xplorer Club. Environment.wiki,The Eden Dao
Xplorer Club. Environment.wiki,KlimaDAO
Xplorer Club. Environment.wiki,GitcoinDAO
Xplorer Club. Environment.wiki,Gitcoin
Xplorer Club. Environment.wiki,Solid World DAO
Xplorer Club. Environment.wiki,Ecorise
Xplorer Club. Environment.wiki,Open Forest Protocol 
Xplorer Club. Environment.wiki,Return Protocol
Xplorer Club. Environment.wiki,dClimate
Xplorer Club. Environment.wiki,LOA Labs
Xplorer Club. Environment.wiki,ReFi DAO
Xplorer Club. Environment.wiki,Cabin
Xplorer Club. Environment.wiki,Ecodao
Xplorer Club. Environment.wiki,Dream DAO
Code4rena,Parcel.money
Code4rena,GitcoinDAO
Code4rena,PrimeDAO
Cohere,GitcoinDAO
Cohere,Cool Points Club
Cohere,Cabin
Cohere,Kokonut Network
Cohere,Bloom Network
Cohere,ReFi DAO
Cohere,Regen Network
Cohere,Solid World DAO
Cohere,Thirsty Thirsty
Converge,Bloom Network
Converge,Protein Community
Cool Points Club,Toucan
Cool Points Club,Return Protocol
Cool Points Club,ReFi DAO
Cool Points Club,KlimaDAO
Cool Points Club,Solid World DAO
Cosmos,Regen Network
Cosmos,ixo
Cosmos,GitcoinDAO
Cosmos,Curve Labs
Cosmos,Earthbanc
Cosmos,EarthFund
Cosmos,EthicHub
Cosmos,LOA Labs
Cosmos,PR1S0N Art
Cosmos,Protein Community
Cabin,ForeFront
Cabin,VitaDAO
Cabin,KlimaDAO
Cabin,Protein Community
Cabin,Kernel
Cabin,DAOpunks
Cabin,Planetary Resilience DAO
Cabin,Kokonut Network
Cabin,ReFi DAO
Cabin,Spark Eco
Cabin,Thirsty Thirsty
Cabin,WellnessDAO
Crowdmuse,Protein Community
Crowdmuse,ReFi DAO
Crowdmuse,MOONJELLY
Crypto Culture and Society,DeveloperDAO
Crypto Culture and Society,Longtail Financial
Crypto Culture and Society,Protein Community
Crypto Culture and Society,Public Good School
Crypto Culture and Society,Surge Women
Curve Labs,Molecule
Curve Labs,ReFi DAO
Curve Labs,LabDAO
Curve Labs,Regen Network
Curve Labs,Kolektivo
Curve Labs,VitaDAO
Curve Labs,Open Forest Protocol 
Curve Labs,TEC
Curve Labs,PrimeDAO
Curve Labs,Sovereign Nature Initiative
Curve Labs,GitcoinDAO
Curve Labs,Toucan
Curve Labs,ixo
Curve Labs,ETH Puerto Rico DAO
Curve Labs,Kokonut Network
Curve Labs,LOA Labs
Curve Labs,Longtail Financial
Curve Labs,Mercy Corps Ventures FinX
Curve Labs,Menthol Protocol
Curve Labs,Bloom Network
Curve Labs,PR1S0N Art
Curve Labs,senken
Curve Labs,Solid World DAO
Curve Labs,Geo Web
Curve Labs,voizdao
Curve Labs,Project Ark
DAOpunks,UltraSound Merch Supply Chain
dClimate,Ecorise
dClimate,The Eden Dao
dClimate,Toucan
dClimate,ReFi DAO
dClimate,Solid World DAO
dClimate,Open Forest Protocol 
dClimate,Earthbanc
dClimate,Gr√ºenDAO
dClimate,katalyst.earth
dClimate,Kokonut Network
dClimate,Menthol Protocol
dClimate,Return Protocol
dClimate,Sovereign Nature Initiative
dClimate,Geo Web
DeveloperDAO,Surge Women
DeveloperDAO,PrimeDAO
DeveloperDAO,WellnessDAO
DeveloperDAO,ForeFront
DeveloperDAO,Future Foundation
DeveloperDAO,Dream DAO
DeveloperDAO,Protein Community
DeveloperDAO,Gitcoin
DeveloperDAO,PeopleDAO
DeveloperDAO,she256
DeveloperDAO,KlimaDAO
DeveloperDAO,GitcoinDAO
DeveloperDAO,Tip Party
DeveloperDAO,EarthFund
DeveloperDAO,EthicHub
DeveloperDAO,Kokonut Network
DeveloperDAO,LabDAO
DeveloperDAO,Longtail Financial
DeveloperDAO,Public Good School
DeveloperDAO,ReFi DAO
Diatom DAO,KlimaDAO
Diatom DAO,EarthFund
Diatom DAO,Kokonut Network
Diatom DAO,Menthol Protocol
Diatom DAO,Regen Network
Diatom DAO,Return Protocol
Diatom DAO,Spark Eco
Diatom DAO,MOONJELLY
DoinGud,Socialstack
DoinGud,Giving Block
DoinGud,GitcoinDAO
DoinGud,Open Earth Foundation
DoinGud,Gitcoin
DoinGud,Giveth
DoinGud,Endaoment
DoinGud,Kernel
DoinGud,Panvala
DoinGud,EarthFund
DoinGud,EthicHub
DoinGud,Foresight Institute DAO
DoinGud,Give Safely
DoinGud,Impact
DoinGud,Kolektivo
DoinGud,Longtail Financial
DoinGud,NFTree Haus
DoinGud,Bloom Network
DoinGud,Proof of Integrity
DoinGud,Protein Community
DoinGud,ReFi DAO
DoinGud,TEC
DoinGud,Geo Web
DoinGud,MOONJELLY
Dream DAO,EarthFund
Dream DAO,Ecorise
Dream DAO,Gitcoin
Dream DAO,Global Unity
Dream DAO,Impact
Dream DAO,ixo
Dream DAO,Menthol Protocol
Dream DAO,Bloom Network
Dream DAO,Future Foundation
Dream DAO,PrimeDAO
Dream DAO,Protein Community
Dream DAO,Spark Eco
Dream DAO,Surge Women
Dream DAO,MOONJELLY
Earth.fm,Giveth
Earth.fm,Treejer
Earth.fm,Ecodao
Earth.fm,senken
Earth.fm,HumanDAO
Earth.fm,Giving Block
Earth.fm,Nori
Earth.fm,Proof of Humanity
Earth.fm,Spark Eco
Earth.fm,Open Forest Protocol 
Earth.fm,LOA Labs
Earth.fm,GitcoinDAO
Earth.fm,Regen Network
Earthbanc,LOA Labs
Earthbanc,Sovereign Nature Initiative
Earthbanc,Proof of Integrity
Earthbanc,Kernel
Earthbanc,GitcoinDAO
Earthbanc,Solid World DAO
Earthbanc,Gitcoin
Earthbanc,ReFi DAO
Earthbanc,PrimeDAO
Earthbanc,Popcorn Network
Earthbanc,The Eden Dao
Earthbanc,Toucan
Earthbanc,Ecodao
Earthbanc,Tip Party
Earthbanc,KlimaDAO
Earthbanc,Regen Network
Earthbanc,Grassroots Economics
Earthbanc,Kokonut Network
Earthbanc,senken
EarthFund,Proof of Humanity
EarthFund,Menthol Protocol
EarthFund,katalyst.earth
EarthFund,GitcoinDAO
EarthFund,Solid World DAO
EarthFund,Gitcoin
EarthFund,Return Protocol
EarthFund,Endaoment
EarthFund,1Hive Gardens
EarthFund,Popcorn Network
EarthFund,Treejer
EarthFund,Earthcoin
EarthFund,Sovereign Nature Initiative
EarthFund,MOONJELLY
EarthFund,KlimaDAO
EarthFund,The Eden Dao
EarthFund,Spark Eco
EarthFund,Ecorise
EarthFund,Open Forest Protocol 
EarthFund,ForeFront
EarthFund,Regen Network
EarthFund,LOA Labs
EarthFund,Toucan
EarthFund,ReFi DAO
EarthFund,Future Foundation
EarthFund,Ecodao
EarthFund,Grassroots Economics
EarthFund,NFTree Haus
EarthFund,Kokonut Network
EarthFund,Bloom Network
EarthFund,WellnessDAO
Ecodao,Toucan
Ecodao,Regen Network
Ecodao,Kolektivo
Ecodao,KlimaDAO
Ecodao,Endaoment
Ecodao,Giveth
Ecodao,Longtail Financial
Ecodao,OpSci
Ecodao,Protein Community
Ecodao,ReFi DAO
Ecodao,Return Protocol
Ecodao,Sovereign Nature Initiative
Ecodao,Geo Web
Ecodao,VitaDAO
Ecodao,MOONJELLY
Ecodao,Project Ark
Ecodao,WellnessDAO
Ecorise,MOONJELLY
Ecorise,senken
Ecorise,Spark Eco
Ecorise,Gitcoin
Ecorise,Solid World DAO
Ecorise,ixo
Ecorise,Return Protocol
Ecorise,ReFi DAO
Ecorise,The Eden Dao
Ecorise,Open Forest Protocol 
Ecorise,KlimaDAO
Ecorise,Regen Network
Ecorise,LOA Labs
Ecorise,Kokonut Network
Ecorise,Bloom Network
elimu.ai Community üë©üèΩ‚ÄçüöÄ,Popcorn Network
elimu.ai Community üë©üèΩ‚ÄçüöÄ,UNICEF CryptoFund
Endaoment,PactDAO
Endaoment,Future Foundation
Endaoment,KlimaDAO
Endaoment,The Eden Dao
Endaoment,Gitcoin
Endaoment,Giveth
Endaoment,GitcoinDAO
Endaoment,she256
Endaoment,Kleros
Endaoment,Meta Gamma Delta DAO 
Endaoment,Giving Block
Endaoment,Proof of Humanity
Endaoment,Thirsty Thirsty
Endaoment,Socialstack
Endaoment,Foresight Institute DAO
Endaoment,Give Safely
Endaoment,Impact
Endaoment,Longtail Financial
Endaoment,Spark Eco
EthicHub,ReFi DAO
EthicHub,Regen Network
EthicHub,Giveth
EthicHub,Kolektivo
EthicHub,LOA Labs
EthicHub,Longtail Financial
EthicHub,Mercy Corps Ventures FinX
EthicHub,Solid World DAO
EthicHub,Sovereign Nature Initiative
EthicHub,Thirsty Thirsty
ETH Puerto Rico DAO,Giveth
ETH Puerto Rico DAO,Proof of Humanity
ETH Puerto Rico DAO,Kolektivo
ETH Puerto Rico DAO,PrimeDAO
ETH Puerto Rico DAO,1Hive Gardens
ETH Puerto Rico DAO,Kokonut Network
ForeFront,Gitcoin
ForeFront,Planetary Resilience DAO
ForeFront,Kokonut Network
ForeFront,Longtail Financial
ForeFront,Meta Gamma Delta DAO 
ForeFront,Future Foundation
ForeFront,PrimeDAO
ForeFront,Protein Community
ForeFront,Surge Women
ForeFront,Thirsty Thirsty
Foresight Institute DAO,Kleros
Foresight Institute DAO,LabDAO
Foresight Institute DAO,Molecule
Foresight Institute DAO,OpSci
Foresight Institute DAO,GitcoinDAO
Foresight Institute DAO,VitaDAO
Foresight Institute DAO,Planetary Resilience DAO
Foresight Institute DAO,Lynx
Foresight Institute DAO,PrimeDAO
Gain Forest,Project Ark
Gain Forest,Kokonut Network
Gain Forest,LOA Labs
1Hive Gardens,TEC
1Hive Gardens,Giveth
1Hive Gardens,Longtail Financial
1Hive Gardens,OpSci
1Hive Gardens,Panvala
1Hive Gardens,Protein Community
1Hive Gardens,Spark Eco
1Hive Gardens,voizdao
Gitcoin,KlimaDAO
Gitcoin,Panvala
Gitcoin,PrimeDAO
Gitcoin,Toucan
Gitcoin,Tip Party
Gitcoin,GitcoinDAO
Gitcoin,Giveth
Gitcoin,Gr√ºenDAO
Gitcoin,Kokonut Network
Gitcoin,Longtail Financial
Gitcoin,Menthol Protocol
Gitcoin,Open Forest Protocol 
Gitcoin,PR1S0N Art
Gitcoin,Protein Community
Gitcoin,Public Good School
Gitcoin,SolidarityCard
Gitcoin,Solid World DAO
Gitcoin,Spark Eco
Gitcoin,TEC
Gitcoin,Geo Web
Gitcoin,UltraSound Merch Supply Chain
Gitcoin,VitaDAO
Gitcoin,voizdao
Give Crypto,Giveth
Give Crypto,Planetary Resilience DAO
Give Crypto,Leyline
Give Safely,Future Foundation
Give Safely,Giving Block
Giveth,Toucan
Giveth,ReFi DAO
Giveth,MOONJELLY
Giveth,voizdao
Giveth,Popcorn Network
Giveth,Impact
Giveth,Kernel
Giveth,Meta Gamma Delta DAO 
Giveth,PrimeDAO
Giveth,Panvala
Giveth,Kolektivo
Giveth,GitcoinDAO
Giveth,Proof of Humanity
Giveth,Geo Web
Giveth,Regen Network
Giveth,Longtail Financial
Giveth,Giving Block
Giveth,ixo
Giveth,Molecule
Giveth,TEC
Giveth,Bloom Network
Giveth,Grassroots Economics
Giveth,Kleros
Giveth,Kokonut Network
Giveth,Future Foundation
Giveth,Protein Community
Giveth,SolidarityCard
Giveth,Spark Eco
Giveth,VitaDAO
Global Unity,GitcoinDAO
Grassroots Economics,ixo
Grassroots Economics,Kernel
Grassroots Economics,Kokonut Network
Grassroots Economics,Kolektivo
Grassroots Economics,Longtail Financial
Grassroots Economics,Bloom Network
Grassroots Economics,Panvala
Grassroots Economics,ReFi DAO
Grassroots Economics,Return Protocol
GreenClimateDAO,Open Forest Protocol 
Gr√ºenDAO,ReFi DAO
Gr√ºenDAO,The Eden Dao
Gr√ºenDAO,GitcoinDAO
Gr√ºenDAO,Toucan
Gr√ºenDAO,KlimaDAO
Gr√ºenDAO,Solid World DAO
Gr√ºenDAO,LOA Labs
Gr√ºenDAO,Menthol Protocol
Gr√ºenDAO,PrimeDAO
HumanDAO,Regen Network
HumanDAO,KlimaDAO
HumanDAO,Kokonut Network
HumanDAO,Protein Community
Impact,Toucan
Impact,Project Ark
Impact,GitcoinDAO
Impact,Giving Block
ixo,Menthol Protocol
ixo,Return Protocol
ixo,ReFi DAO
ixo,Spark Eco
ixo,Pozzle Planet
ixo,Solid World DAO
ixo,Kolektivo
ixo,KlimaDAO
ixo,Regen Network
ixo,LOA Labs
ixo,Molecule
ixo,Planetary Resilience DAO
ixo,voizdao
ixo,MOONJELLY
ixo,Project Ark
Planetary Resilience DAO,LabDAO
Planetary Resilience DAO,KlimaDAO
Planetary Resilience DAO,Kolektivo
Planetary Resilience DAO,OCEAN Protocol
Planetary Resilience DAO,OpSci
Planetary Resilience DAO,Kernel
Planetary Resilience DAO,Regen Network
Planetary Resilience DAO,VitaDAO
Planetary Resilience DAO,she256
Planetary Resilience DAO,GitcoinDAO
Planetary Resilience DAO,PsyDAO
Planetary Resilience DAO,Therapoid
Planetary Resilience DAO,Molecule
katalyst.earth,Regen Network
katalyst.earth,senken
katalyst.earth,Return Protocol
katalyst.earth,LOA Labs
katalyst.earth,KlimaDAO
katalyst.earth,Toucan
katalyst.earth,ReFi DAO
katalyst.earth,NFTree Haus
katalyst.earth,Kokonut Network
katalyst.earth,Solid World DAO
Kernel,Surge Women
Kernel,Regen Network
Kernel,Toucan
Kernel,Protein Community
Kernel,Meta Gamma Delta DAO 
Kernel,she256
Kernel,GitcoinDAO
Kernel,PR1S0N Art
Kernel,Kokonut Network
Kernel,Longtail Financial
Kernel,OpSci
Kernel,PrimeDAO
Kernel,ReFi DAO
Kernel,Return Protocol
Kernel,SolidarityCard
Kernel,Spark Eco
Kernel,Geo Web
Kernel,VitaDAO
Kleros,Proof of Humanity
Kleros,Molecule
Kleros,PrimeDAO
Kleros,Proof of Integrity
Kleros,Protein Community
Kleros,SolidarityCard
KlimaDAO,Toucan
KlimaDAO,Kokonut Network
KlimaDAO,LOA Labs
KlimaDAO,Longtail Financial
KlimaDAO,Menthol Protocol
KlimaDAO,Molecule
KlimaDAO,Open Earth Foundation
KlimaDAO,Open Forest Protocol 
KlimaDAO,Panvala
KlimaDAO,PrimeDAO
KlimaDAO,Protein Community
KlimaDAO,ReFi DAO
KlimaDAO,Regen Network
KlimaDAO,Return Protocol
KlimaDAO,senken
KlimaDAO,Solid World DAO
KlimaDAO,Sovereign Nature Initiative
KlimaDAO,Spark Eco
KlimaDAO,Thirsty Thirsty
KlimaDAO,Socialstack
KlimaDAO,VitaDAO
KlimaDAO,voizdao
KlimaDAO,MOONJELLY
KlimaDAO,Project Ark
Kokonut Network,Proof of Humanity
Kokonut Network,LOA Labs
Kokonut Network,The Eden Dao
Kokonut Network,ReFi DAO
Kokonut Network,Return Protocol
Kokonut Network,Sovereign Nature Initiative
Kokonut Network,senken
Kokonut Network,Nori
Kokonut Network,MOONJELLY
Kokonut Network,Open Earth Foundation
Kokonut Network,Kolektivo
Kokonut Network,Solid World DAO
Kokonut Network,Kumo Earth
Kokonut Network,Pozzle Planet
Kokonut Network,Open Forest Protocol 
Kokonut Network,Popcorn Network
Kokonut Network,Regen Network
Kokonut Network,Toucan
Kokonut Network,Project Ark
Kokonut Network,Panvala
Kokonut Network,Meta Gamma Delta DAO 
Kokonut Network,Parcel.money
Kokonut Network,VitaDAO
Kokonut Network,Treejer
Kokonut Network,PrimeDAO
Kolektivo,ReFi DAO
Kolektivo,Treejer
Kolektivo,Toucan
Kolektivo,Regen Network
Kolektivo,PrimeDAO
Kolektivo,Bloom Network
Kolektivo,Panvala
Kolektivo,LOA Labs
Kolektivo,Open Forest Protocol 
Kolektivo,Protein Community
Kolektivo,Return Protocol
Kolektivo,Spark Eco
Kolektivo,TEC
Kolektivo,Geo Web
Kolektivo,VitaDAO
Kolektivo,MOONJELLY
Kumo Earth,LOA Labs
Kumo Earth,ReFi DAO
Kumo Earth,senken
LabDAO,Molecule
LabDAO,VitaDAO
LabDAO,OpSci
LabDAO,PsyDAO
LabDAO,Lynx
Leyline,Project Ark
Leyline,Geo Web
LOA Labs,Menthol Protocol
LOA Labs,PrimeDAO
LOA Labs,Open Forest Protocol 
LOA Labs,The Eden Dao
LOA Labs,Solid World DAO
LOA Labs,NFTree Haus
LOA Labs,Earthcoin
LOA Labs,Sovereign Nature Initiative
LOA Labs,Nori
LOA Labs,Open Earth Foundation
LOA Labs,Return Protocol
LOA Labs,Regen Network
LOA Labs,Toucan
LOA Labs,ReFi DAO
LOA Labs,TEC
LOA Labs,Treejer
LOA Labs,Spark Eco
Longtail Financial,Toucan
Longtail Financial,Panvala
Longtail Financial,Sovereign Nature Initiative
Longtail Financial,PrimeDAO
Longtail Financial,GitcoinDAO
Longtail Financial,Regen Network
Longtail Financial,OCEAN Protocol
Longtail Financial,TEC
Longtail Financial,ReFi DAO
Longtail Financial,Solid World DAO
Lynx,Molecule
Lynx,Meta Gamma Delta DAO 
Lynx,OCEAN Protocol
Lynx,VitaDAO
Lynx,OpSci
Mercy Corps Ventures FinX,Regen Network
Mercy Corps Ventures FinX,Toucan
Mercy Corps Ventures FinX,ReFi DAO
Mercy Corps Ventures FinX,PrimeDAO
Menthol Protocol,Nori
Menthol Protocol,Open Forest Protocol 
Menthol Protocol,GitcoinDAO
Menthol Protocol,ReFi DAO
Menthol Protocol,The Eden Dao
Menthol Protocol,Solid World DAO
Menthol Protocol,Return Protocol
Menthol Protocol,Regen Network
Menthol Protocol,Toucan
Menthol Protocol,Protein Community
Meta Gamma Delta DAO ,Surge Women
Meta Gamma Delta DAO ,PrimeDAO
Meta Gamma Delta DAO ,GitcoinDAO
Meta Gamma Delta DAO ,Panvala
Meta Gamma Delta DAO ,Molecule
Meta Gamma Delta DAO ,Bloom Network
Meta Gamma Delta DAO ,PR1S0N Art
Meta Gamma Delta DAO ,Toucan
Molecule,Nectar Protocol
Molecule,OpenAccessDAO
Molecule,Surge Women
Molecule,OpSci
Molecule,GitcoinDAO
Molecule,VitaDAO
Molecule,PsyDAO
Molecule,Therapoid
Molecule,UNICEF CryptoFund
Molecule,Protein Community
Tip Party,TEC
Tip Party,PrimeDAO
Tip Party,GitcoinDAO
Tip Party,SolidarityCard
Tip Party,Geo Web
Tip Party,VitaDAO
NFTree Haus,Return Protocol
NFTree Haus,ReFi DAO
NFTree Haus,Regen Network
NFTree Haus,The Eden Dao
Nori,Regen Network
Nori,Open Forest Protocol 
Nori,ReFi DAO
Nori,Return Protocol
Nori,Solid World DAO
Nori,Toucan
OCEAN Protocol,VitaDAO
OCEAN Protocol,OpSci
Open Earth Foundation,ReFi DAO
Open Earth Foundation,Earthcoin
Open Earth Foundation,Protein Community
Open Earth Foundation,GitcoinDAO
Open Earth Foundation,Toucan
Open Earth Foundation,Regen Network
Open Earth Foundation,Giving Block
Open Earth Foundation,Bloom Network
Open Earth Foundation,Project Ark
OpenAccessDAO,VitaDAO
OpenAccessDAO,OpSci
OpenAccessDAO,PeopleDAO
Open Forest Protocol ,senken
Open Forest Protocol ,Solid World DAO
Open Forest Protocol ,Sovereign Nature Initiative
Open Forest Protocol ,ReFi DAO
Open Forest Protocol ,Pozzle Planet
Open Forest Protocol ,Toucan
Open Forest Protocol ,GitcoinDAO
Open Forest Protocol ,Regen Network
Open Forest Protocol ,Return Protocol
Open Forest Protocol ,Spark Eco
Open Forest Protocol ,Treejer
Open Forest Protocol ,MOONJELLY
Open Forest Protocol ,Project Ark
OpSci,Regen Network
OpSci,VitaDAO
OpSci,Surge Women
OpSci,GitcoinDAO
OpSci,she256
OpSci,PR1S0N Art
OpSci,PsyDAO
OpSci,Parcel.money
Bloom Network,ReFi DAO
Bloom Network,MOONJELLY
Bloom Network,Spark Eco
Bloom Network,Solid World DAO
Bloom Network,The Eden Dao
Bloom Network,Toucan
Bloom Network,Sovereign Nature Initiative
Bloom Network,Panvala
Bloom Network,GitcoinDAO
Bloom Network,TEC
Bloom Network,PR1S0N Art
Bloom Network,Return Protocol
Future Foundation,Return Protocol
Future Foundation,GitcoinDAO
Future Foundation,ReFi DAO
Future Foundation,Pozzle Planet
Future Foundation,Protein Community
Future Foundation,senken
Future Foundation,MOONJELLY
PactDAO,LaborDAO
PactDAO,PR1S0N Art
PactDAO,ReFi DAO
Panvala,Toucan
Panvala,ReFi DAO
Panvala,PrimeDAO
Panvala,Giving Block
Panvala,GitcoinDAO
Panvala,Spark Eco
Panvala,TEC
Panvala,Geo Web
Parcel.money,VitaDAO
Parcel.money,Protein Community
Parcel.money,ReFi DAO
PizzaDAO,PrimeDAO
PizzaDAO,PeopleDAO
PizzaDAO,Project Ark
Popcorn Network,Protein Community
Popcorn Network,Regen Network
Popcorn Network,Return Protocol
Popcorn Network,TEC
Popcorn Network,Toucan
Popcorn Network,Project Ark
Pozzle Planet,Protein Community
Pozzle Planet,ReFi DAO
Pozzle Planet,Solid World DAO
Pozzle Planet,Sovereign Nature Initiative
Pozzle Planet,MOONJELLY
PR1S0N Art,Toucan
PR1S0N Art,Solid World DAO
PrimeDAO,voizdao
PrimeDAO,Solid World DAO
PrimeDAO,Return Protocol
PrimeDAO,Toucan
PrimeDAO,ReFi DAO
PrimeDAO,VitaDAO
PrimeDAO,The Eden Dao
PrimeDAO,GitcoinDAO
PrimeDAO,Socialstack
PrimeDAO,Regen Network
PrimeDAO,TEC
PrimeDAO,Protein Community
PrimeDAO,Sovereign Nature Initiative
PrimeDAO,Spark Eco
PrimeDAO,MOONJELLY
PrimeDAO,Project Ark
Proof of Integrity,Proof of Humanity
Proof of Humanity,TEC
Proof of Humanity,GitcoinDAO
Proof of Humanity,SolidarityCard
Protein Community,senken
Protein Community,Return Protocol
Protein Community,ReFi DAO
Protein Community,Regen Network
Protein Community,The Eden Dao
Protein Community,PeopleDAO
Protein Community,GitcoinDAO
Protein Community,Thirsty Thirsty
Protein Community,she256
Protein Community,Socialstack
Protein Community,Giving Block
Protein Community,Toucan
Protein Community,TEC
Protein Community,Surge Women
Protein Community,Solid World DAO
Protein Community,VitaDAO
PsyDAO,VitaDAO
Public Good School,GitcoinDAO
ReFi DAO,GitcoinDAO
ReFi DAO,LaborDAO
ReFi DAO,Socialstack
ReFi DAO,Solid World DAO
ReFi DAO,RnDAO
ReFi DAO,senken
ReFi DAO,SuperBenefit
ReFi DAO,MOONJELLY
ReFi DAO,she256
ReFi DAO,Spark Eco
ReFi DAO,Return Protocol
ReFi DAO,Regen Network
ReFi DAO,Toucan
ReFi DAO,TEC
ReFi DAO,Surge Women
ReFi DAO,The Eden Dao
ReFi DAO,Treejer
ReFi DAO,Sovereign Nature Initiative
ReFi DAO,Geo Web
ReFi DAO,VitaDAO
Regen Network,Earthcoin
Regen Network,The Eden Dao
Regen Network,Toucan
Regen Network,she256
Regen Network,Project Ark
Regen Network,TEC
Regen Network,Return Protocol
Regen Network,senken
Regen Network,Solid World DAO
Regen Network,Sovereign Nature Initiative
Regen Network,Spark Eco
Regen Network,Geo Web
Regen Network,voizdao
Regen Network,MOONJELLY
Return Protocol,senken
Return Protocol,GitcoinDAO
Return Protocol,Spark Eco
Return Protocol,Solid World DAO
Return Protocol,Sovereign Nature Initiative
Return Protocol,MOONJELLY
Return Protocol,The Eden Dao
Return Protocol,Toucan
Return Protocol,Earthcoin
Return Protocol,Treejer
Ribon,VitaDAO
Ribon,GitcoinDAO
senken,Treejer
senken,Solid World DAO
senken,The Eden Dao
senken,Spark Eco
senken,Toucan
she256,UNICEF CryptoFund
she256,Giving Block
Earthcoin,Spark Eco
Earthcoin,Toucan
SolidarityCard,GitcoinDAO
Solid World DAO,VitaDAO
Solid World DAO,Treejer
Solid World DAO,Sovereign Nature Initiative
Solid World DAO,Thirsty Thirsty
Solid World DAO,Toucan
Solid World DAO,Surge Women
Sovereign Nature Initiative,Giving Block
Sovereign Nature Initiative,TEC
Sovereign Nature Initiative,Toucan
Sovereign Nature Initiative,The Eden Dao
Sovereign Nature Initiative,GitcoinDAO
Sovereign Nature Initiative,VitaDAO
Spark Eco,GitcoinDAO
Spark Eco,The Eden Dao
Spark Eco,MOONJELLY
Spark Eco,Toucan
Spark Eco,TEC
Surge Women,Toucan
Surge Women,GitcoinDAO
Surge Women,VitaDAO
TEC,voizdao
TEC,VitaDAO
TEC,GitcoinDAO
TEC,Geo Web
TEC,Toucan
TEC,MOONJELLY
PeopleDAO,UltraSound Merch Supply Chain
The Eden Dao,Thirsty Thirsty
The Eden Dao,VitaDAO
The Eden Dao,MOONJELLY
The Eden Dao,Project Ark
Geo Web,Toucan
Geo Web,Project Ark
Geo Web,GitcoinDAO
Giving Block,GitcoinDAO
Toucan,VitaDAO
Toucan,GitcoinDAO
Toucan,voizdao
Toucan,MOONJELLY
Toucan,Project Ark
Toucan,WellnessDAO
Treejer,GitcoinDAO
Treejer,Project Ark
Treejer,UNICEF CryptoFund
VitaDAO,RnDAO
VitaDAO,GitcoinDAO
MOONJELLY,GitcoinDAO
