Project,Group,Connections,Twitter,Image,Popup
0xdaoApe,#FFCC00,12,0xdaoape,https://pbs.twimg.com/profile_images/1475869715058900994/7aKGFe00_normal.jpg,"<strong>daoApe #PublicGoods</strong> | <a href=""https://twitter.com/0xdaoape"">@0xdaoape</a><p>Highly subjective commentary on what's going on around the DAOsphere. EN/TR </p><a href=""https://t.co/4u8EwQwIUk"">mirror.xyz/0x4529921387f7‚Ä¶</a>"
1Hive,#FFCC00,18,1hiveorg,https://pbs.twimg.com/profile_images/1276286557494837248/SgXEhvrc_normal.png,"<strong>1Hive üêù</strong> | <a href=""https://twitter.com/1HiveOrg"">@1HiveOrg</a><p>A community of web3 builders </p><a href=""https://t.co/ropJm3jXtq"">1hive.org</a>"
1Hive Gardens,#FFCC00,13,gardensdao,https://pbs.twimg.com/profile_images/1479201973362577408/QreY0Mgx_normal.png,"<strong>gardens</strong> | <a href=""https://twitter.com/gardensdao"">@gardensdao</a><p>Gardens are composable, sufficiently decentralized, and self-improving DAOs, limited only by your collective imagination - from the @1hiveorg ecosystem üêù </p><a href=""https://t.co/cyzuXlywAd"">gardensdao.eth.limo</a>"
AYOWECCA,#02E2AC,9,ayowecca_uganda,https://pbs.twimg.com/profile_images/1256915740197863425/YXN0dsRN_normal.jpg,"<strong>AYOWECCA UGANDA For Climate Change</strong> | <a href=""https://twitter.com/ayowecca_uganda"">@ayowecca_uganda</a><p>Protecting Natural Resources, Adaptation to #ClimateChange, Conservations, SRHR, Skills Development & Empowering Women & Children. Author @j_olwenyi #SDGs </p><a href=""https://t.co/fq4VphfHdD"">ayoweccauganda.org</a>"
AcreDAOS,#02E2AC,32,acredaos,https://pbs.twimg.com/profile_images/1461360204755308552/pM4Wpc8G_normal.jpg,"<strong>ACRE DAOs</strong> | <a href=""https://twitter.com/ACREDAOs"">@ACREDAOs</a><p>Autonomous Communities for Regenerative Economies (ACRE)<br>Web3 Community of ReFi & Impact DAOs<br>üåé A new model for environmental and social impact </p><a href=""https://t.co/PwQukvxWo8"">acredaos.com</a>"
Aera Force,#02E2AC,27,aeraforce,https://pbs.twimg.com/profile_images/1509925596364685320/i8Ens9Wd_normal.jpg,"<strong>Aera Force</strong> | <a href=""https://twitter.com/AeraForce"">@AeraForce</a><p>Aera Force is a VC DAO investing in our collective #ReFi future üíöüåé <br>Subscribe to our weekly ReFi deep-dive to explore with us üëâ https://t.co/E1N84pFZJ4 </p><a href=""https://t.co/UxNKIFlMS3"">AeraForce.xyz</a>"
All for Climate DAO,#02E2AC,56,all4climatedao,https://pbs.twimg.com/profile_images/1461336359734554627/Zd05zz8c_normal.jpg,"<strong>All for Climate DAO üåçüå±</strong> | <a href=""https://twitter.com/all4climatedao"">@all4climatedao</a><p>Building a 21st century movement of citizens taking action in the social and ecological crisis. Connected globally, rooted locally, we are #allforclimate. </p><a href=""https://t.co/nfVbhEf4e7"">dao.allforclimate.earth</a>"
Angel Protocol,#F3587D,9,angelprotocol,https://pbs.twimg.com/profile_images/1385343617225560068/Z0nRwp37_normal.jpg,"<strong>Angel Protocol üòá</strong> | <a href=""https://twitter.com/angelprotocol"">@angelprotocol</a><p>Terra-based protocol for creating perpetual charity endowments. The Gift that keeps on giving, forever. </p><a href=""https://t.co/0TNWAmj31g"">angelprotocol.io</a>"
AntidoteDAO,#F3587D,49,antidotedao,https://pbs.twimg.com/profile_images/1508297064630956040/rc4hlH4Y_normal.png,"<strong>AntidoteDAOüéó‚òª</strong> | <a href=""https://twitter.com/AntidoteDao"">@AntidoteDao</a><p>AntidoteDAO is an Altruistic #Web3 #DAO Dedicated to Funding Various Cancer Initiatives Directly, Democratically, and Transparently </p><a href=""https://t.co/0yudgwWpBK"">hoo.be/antidotedao</a>"
Ants-review,#F3587D,17,antsreview,https://pbs.twimg.com/profile_images/1266760531412692992/amsBtaCr_normal.jpg,"<strong>Ants-Review (üêú , üå±) ü¶áüîä</strong> | <a href=""https://twitter.com/AntsReview"">@AntsReview</a><p>#DeSci ~ Incentivizing Scientific Peer-Reviews on #Ethereum est. 2020üöÄ #OpenScience |ü•á@ETHTurin üå±@KERNEL0x KB1 |üó£Ô∏è@euro_par 2020 | üí∞@gitcoin Grants </p><a href=""https://t.co/LXcxGIfOVw"">linktr.ee/antsreview</a>"
Aquari,#02E2AC,3,aquariofficial,https://pbs.twimg.com/profile_images/1390675212581097473/Zjzkwdqm_normal.jpg,"<strong>Aquari</strong> | <a href=""https://twitter.com/AquariOfficial"">@AquariOfficial</a><p>Aquari is a community governed cryptocurrency with the goal to restore all polluted bodies of water on Earth. Telegram: https://t.co/B2zgha61bW </p><a href=""https://t.co/h0vskaog0O"">aquarifoundation.com</a>"
Artizen,#FFCC00,13,artizenfund,https://pbs.twimg.com/profile_images/1354930931719491585/3e-XZrvq_normal.jpg,"<strong>Artizen Fund for Public Goods</strong> | <a href=""https://twitter.com/ArtizenFund"">@ArtizenFund</a><p>We're raising $1B for art, science, and public goods. Donate to earn NFTs from the brightest creators in your community and become an owner of the Artizen DAO. </p><a href=""https://t.co/e2xDx7NM1k"">artizen.fund</a>"
Astral Protocol,#FFCC00,23,astralprotocol,https://pbs.twimg.com/profile_images/1301144670177820672/qX3mlQtp_normal.jpg,"<strong>‚ú® Astral</strong> | <a href=""https://twitter.com/AstralProtocol"">@AstralProtocol</a><p>Public goods for spatial and location data on the decentralized web. </p><a href=""https://t.co/XdPujxqOa3"">astral.global</a>"
Atoms,#F3587D,5,atoms_org,https://pbs.twimg.com/profile_images/1408969527333847042/4-ZuTQNE_normal.jpg,"<strong>Atoms</strong> | <a href=""https://twitter.com/atoms_org"">@atoms_org</a><p>Building a flourishing research ecosystem. </p><a href=""https://t.co/KShkxO0Kwg"">atoms.org</a>"
Avano,#02E2AC,42,avano_io,https://pbs.twimg.com/profile_images/1494445096053325842/zxT6DGVz_normal.jpg,"<strong>Avano</strong> | <a href=""https://twitter.com/Avano_io"">@Avano_io</a><p>LinkTree: https://t.co/D3dGebq8uA </p>"
Basin DAO,#02E2AC,40,basindao,https://pbs.twimg.com/profile_images/1463399377402314760/DNY9cgtS_normal.jpg,"<strong>basinDAO | basinDAO.eth</strong> | <a href=""https://twitter.com/basinDAO"">@basinDAO</a><p>unlocking #carbon + #naturalcapital value in #realassets using #web3 </p><a href=""https://t.co/nBe6QcgQeZ"">basinDAO.com</a>"
BioDAO,#F3587D,6,biodaoxyz,https://pbs.twimg.com/profile_images/1485042580177907714/n0Inv55w_normal.jpg,"<strong>BioDAO</strong> | <a href=""https://twitter.com/BioDAOxyz"">@BioDAOxyz</a><p>The global biotech ecosystem enabled by Web3<br>Notion: https://t.co/yjYfmg3dnf<br>https://t.co/NskNkhRbtg </p><a href=""https://t.co/7y7XHMYAuZ"">biodao.xyz</a>"
Blockchain for Climate foundation,#02E2AC,34,blockforclimate,https://pbs.twimg.com/profile_images/1455859963889213445/x8wXr7Oh_normal.jpg,"<strong>Blockchain for Climate Foundation</strong> | <a href=""https://twitter.com/BlockForClimate"">@BlockForClimate</a><p>Putting the Paris Agreement on #Ethereum w/ #NFTs. Enabling international collaboration on climate action by connecting national carbon accounts of the world. </p><a href=""https://t.co/gnTH9octzV"">blockchainforclimate.org/news</a>"
Blood M1n3,#02E2AC,41,bloodm1n3,https://pbs.twimg.com/profile_images/1491776089915637764/-30DXuWW_normal.jpg,"<strong>bloodmine.eth üõ∞Ô∏è</strong> | <a href=""https://twitter.com/bloodm1n3"">@bloodm1n3</a><p>üõ∞Ô∏è Mapping the world's illegal mines on Web3<br><br>@sosorinoco<br><br>#ARACAMUNI is our first #NFTCollection. #CANAIMA<br><br> üõ∞Ô∏è  Discord: https://t.co/N9NuhTKX9b </p><a href=""https://t.co/uxu8uVSCPE"">bloodmines.xyz</a>"
Bloom Network,#4D82C1,32,ourbloomnetwork,https://pbs.twimg.com/profile_images/1235620460685144064/1JdpOTwL_normal.jpg,"<strong>Bloom Network</strong> | <a href=""https://twitter.com/OurBloomNetwork"">@OurBloomNetwork</a><p>International community of regenerative culture makers, producing local events and actions, and collaborating virtually. </p><a href=""https://t.co/bZGKeADLSb"">bloomnetwork.org</a>"
Bloomeria,#02E2AC,35,bloomeria_dao,https://pbs.twimg.com/profile_images/1355088367013212161/aLWrVK0j_normal.jpg,"<strong>Bloomeria</strong> | <a href=""https://twitter.com/bloomeria_dao"">@bloomeria_dao</a><p>A #DAO to help #communities safeguard green areas.<br>#Cryptocurrency | #Fundraising | #NFTs | #CO2offseteconomy <br>@KERNEL0x alumni </p><a href=""https://t.co/3KYBUG34Lk"">bloomeria.org</a>"
Brokoli,#02E2AC,2,brokolinetwork,https://pbs.twimg.com/profile_images/1430617946167066626/PR2b57fF_normal.jpg,"<strong>Brokoli Network‚Ñ¢ - The Green Metaverse üå≥</strong> | <a href=""https://twitter.com/BrokoliNetwork"">@BrokoliNetwork</a><p>Built ‚§µÔ∏è<br><br>üü¢ Green trading üü¢ Green IDOs üü¢ Green Integrations üü¢ Green NFTs üü¢ <br><br>Green Metaverse üîú<br><br>Powered by $BRKL<br><br>TG: https://t.co/CTqvjHIqec<br><br>#impact2earn </p><a href=""https://t.co/eM3IA3us1z"">brokoli.network</a>"
Cabin,#F3587D,19,creatorcabins,https://pbs.twimg.com/profile_images/1458804832551247877/z8CMVDb8_normal.jpg,"<strong>Cabin</strong> | <a href=""https://twitter.com/creatorcabins"">@creatorcabins</a><p>üè° a community of cabins for web3 workers üåê a DAO retreat & residency program üåÜ an experiment in decentralized cities || https://t.co/OQklH4Gp7m </p><a href=""https://t.co/lnsokZYTlo"">linktr.ee/creatorcabins</a>"
Carbon Captors ,#02E2AC,41,carboncaptors,https://pbs.twimg.com/profile_images/1496818455219216390/UwZ0CVsQ_normal.jpg,"<strong>Carbon Captors ( üí®üå≥)</strong> | <a href=""https://twitter.com/CarbonCaptors"">@CarbonCaptors</a><p>Leveraging the power of Web3 and DAOs to become the fund for Carbon Capture engineered & nature based solutions. #CarbonCaptors </p><a href=""https://t.co/HORyFJPPXS"">carboncaptors.xyz</a>"
Carbon Collectible NFTs,#02E2AC,27,carbonoffsetnft,https://pbs.twimg.com/profile_images/1518382217432485888/-VpdsiGt_normal.jpg,"<strong>Carbon Collectible NFTs</strong> | <a href=""https://twitter.com/CarbonOffsetNFT"">@CarbonOffsetNFT</a><p>We use #NFTs & regenerative finance to transform environment and social impact into a liquid asset.<br>#Web3, #ReFi, #DeFi, #SocialImpact, #CarbonOffset, #ML, #AI </p><a href=""https://t.co/erGleTLVi0"">ccNFTs.io</a>"
Celo,#02E2AC,40,celoorg,https://pbs.twimg.com/profile_images/1493309659599486986/5ETdHxeE_normal.jpg,"<strong>Celo</strong> | <a href=""https://twitter.com/CeloOrg"">@CeloOrg</a><p>Creating the conditions for prosperity‚Äîfor everyone. </p><a href=""https://t.co/BujBmV2vWV"">celo.org</a>"
Cheerbot,#FFCC00,2,cheerbotme,https://pbs.twimg.com/profile_images/1515123788438032386/U86eYjob_normal.png,"<strong>Cheerbot | cheerbot.eth | ü§ñ(‚ù§Ô∏è, üçÄ)</strong> | <a href=""https://twitter.com/cheerbotme"">@cheerbotme</a><p>Sending cheer via phygital-within-phygital NFT designer toy robots!<br>The best of #Web3 income & #STEAM education as one.<br>buy https://t.co/Qbuy24nC8P<br>map https://t.co/RLfGcUslhh </p><a href=""https://t.co/k8VEGtn9x7"">cheerbot.org</a>"
Cherubs DAO,#F3587D,11,cherubsdao,https://pbs.twimg.com/profile_images/1461111085067603971/A1LX50MT_normal.jpg,"<strong>Cherubs DAO</strong> | <a href=""https://twitter.com/CherubsDao"">@CherubsDao</a><p>An NFT funded, DAO governed community of extraordinary people changing the world, focused on brain health & longevity<br><br>Founded by Brian Magierski - @bmagierski </p><a href=""https://t.co/jIM99HFWVl"">linktr.ee/cherubsdao</a>"
Circonomy,#FFCC00,5,circonomydao,https://pbs.twimg.com/profile_images/1500542961410580496/DicM6XPM_normal.png,"<strong>Circonomy</strong> | <a href=""https://twitter.com/CirconomyDao"">@CirconomyDao</a><p>We are a Web3 cooperative centered on circular economics and circular design tackling the climate change challenge by starting with the plastic problem </p>"
Citizen DAO,#F3587D,56,citizendao,https://pbs.twimg.com/profile_images/1466272943688888321/e8j2P6L4_normal.jpg,"<strong>CitizenDAO.eth</strong> | <a href=""https://twitter.com/CitizenDAO"">@CitizenDAO</a><p>Like the United Nations, but better. On a mission to solve humanity's biggest problems. Creating Web3 Impact Bonds to fund it. <br><br>Join us: https://t.co/IBvG1ciUsr </p><a href=""https://t.co/3tXi8GLPtH"">CitizenDAO.io</a>"
Climate Finance DAO,#02E2AC,30,climatefindao,https://pbs.twimg.com/profile_images/1464765590652997636/z7b63Skp_normal.jpg,"<strong>Climate Finance DAO (‚è∞,üåç)</strong> | <a href=""https://twitter.com/ClimatefinDAO"">@ClimatefinDAO</a><p>We are a work in progress DAO that aim to support and develop climate science informed & decentralised finance instruments </p><a href=""https://t.co/VJPSjbjppZ"">gitcoin.co/grants/4041/cl‚Ä¶</a>"
ClimateDAO ,#02E2AC,64,climate_dao,https://pbs.twimg.com/profile_images/1499761953882923009/ZfgXLTBO_normal.png,"<strong>ClimateDAO üíöüíö - ClimateDAO.eth</strong> | <a href=""https://twitter.com/Climate_DAO"">@Climate_DAO</a><p>Building a platform to decarbonize corporations through shareholder activism. https://t.co/fRF6ffkBrA </p><a href=""https://t.co/QP1bogOFUK"">linktr.ee/climatedao</a>"
Clime DAO,#02E2AC,18,climedao,https://pbs.twimg.com/profile_images/1511646045742432258/kwWwkOce_normal.jpg,"<strong>ClimeDAO</strong> | <a href=""https://twitter.com/ClimeDAO"">@ClimeDAO</a><p>Enabled via web3, we are here to incentivize your climate-positive actions. Head to our website and be a part of our missionüåç (Join the Clime Movement!) </p><a href=""https://t.co/z6fuSFygMr"">climedao.com</a>"
Code4rena,#F3587D,4,code4rena,https://pbs.twimg.com/profile_images/1461661937746407424/9RXtCZ5v_normal.png,"<strong>Code4rena</strong> | <a href=""https://twitter.com/code4rena"">@code4rena</a><p>A DAO for on demand web3 security. <br><br>üí∞ $4MM in rewards paid <br>üê∫ 400+ High Severity üêû's patched<br>‚õì Start your audit this week: https://t.co/tD4F3j9SPO </p><a href=""https://t.co/0RMdJ9DL2J"">code4rena.com</a>"
Cohere,#4D82C1,14,coherenetwork,https://pbs.twimg.com/profile_images/1358113018681446400/IPcrmbdD_normal.jpg,"<strong>Cohere</strong> | <a href=""https://twitter.com/coherenetwork"">@coherenetwork</a><p>Cohere is a community-owned global network of regenerative communities and innovation hubs powered by web3 üå± Let‚Äôs Co: https://t.co/hjtbufhZqu </p><a href=""https://t.co/QMeia83lM0"">lu.ma/cohere</a>"
Converge,#4D82C1,2,converge4impact,https://pbs.twimg.com/profile_images/1438991514206556164/Okjj6J9L_normal.jpg,"<strong>Converge</strong> | <a href=""https://twitter.com/converge4impact"">@converge4impact</a><p>Advancing the network approach to collaboration. Read #ImpactNetworks, our guide for cultivating community and co-creating change: https://t.co/McB6hYG9NC </p><a href=""https://t.co/A9bzLE3nBs"">converge.net</a>"
Cool Points Club,#4D82C1,7,coolpointsclub,https://pbs.twimg.com/profile_images/1439790931859804165/HFfHi-ix_normal.jpg,"<strong>Cool Points Club</strong> | <a href=""https://twitter.com/CoolPointsClub"">@CoolPointsClub</a><p>We do cool | @islands_of_cool | https://t.co/B0VDNZSICR </p>"
Cosmos,#02E2AC,14,cosmos,https://pbs.twimg.com/profile_images/1328431690268729347/flijoJYv_normal.jpg,"<strong>Cosmos - Internet of Blockchains ‚öõÔ∏è</strong> | <a href=""https://twitter.com/cosmos"">@cosmos</a><p>The open, scalable, and interconnected economy of the future. $ATOM </p><a href=""https://t.co/fQa15XWIQ6"">cosmos.network</a>"
Crowdmuse,#4D82C1,3,crowdmuse,https://pbs.twimg.com/profile_images/1499475706996273156/ymt0Jq2X_normal.jpg,"<strong>crowdmuse</strong> | <a href=""https://twitter.com/crowdmuse"">@crowdmuse</a><p>üï∏ autonomous collaboration for regen projects. üå± we pilot forkable business models with built-in licensing, supply chains & knowledge networks. </p><a href=""https://t.co/8cFicomZma"">crowdmuse.com</a>"
Crypto Culture and Society,#FFCC00,8,cryptosocietys1,https://pbs.twimg.com/profile_images/1502365946614276100/xPQrAcRT_normal.jpg,"<strong>Crypto, Culture & Society üçé</strong> | <a href=""https://twitter.com/CryptoSocietyS1"">@CryptoSocietyS1</a><p>Building liberal arts education for crypto. üìçSemester II: Our Digital Futures </p><a href=""https://t.co/U9iT2bvFPR"">ccsdao.xyz</a>"
Curve Labs,#FFCC00,33,curvelabs,https://pbs.twimg.com/profile_images/1506287116376027140/_aje108X_normal.jpg,"<strong>Curve Labs</strong> | <a href=""https://twitter.com/curvelabs"">@curvelabs</a><p>design & implementation laboratory for organizational technologies \\\ we‚Äôre hiring https://t.co/8LBV8IDtSJ </p><a href=""https://t.co/Ziwm3KaBfP"">curvelabs.eu</a>"
DAOpunks,#FFCC00,2,daopunksnft,https://pbs.twimg.com/profile_images/1445550891466047493/4RSf3ecC_normal.jpg,"<strong>DAOpunks</strong> | <a href=""https://twitter.com/DAOpunksNFT"">@DAOpunksNFT</a><p>Liberating humans from the soul-sucking drudgery of default world work<br><br>Join the movement:<br>https://t.co/8r8IRW6ZMn<br>https://t.co/duOs9v0TYp </p><a href=""https://t.co/k1l02AVKzo"">daopunks.io</a>"
DOER Money DAO,#02E2AC,2,doerdotmoney,https://pbs.twimg.com/profile_images/1496463760474660872/JmqKQYSg_normal.jpg,"<strong>DOERmoney</strong> | <a href=""https://twitter.com/DOERdotmoney"">@DOERdotmoney</a><p>$DOER MONEY DAO | Permissionless Income for the Regenerative Economy Workforce | We are a subDAO of @ACREDAOs </p><a href=""https://t.co/jPyOh3FYQf"">juicebox.money/#/p/doer</a>"
DeveloperDAO,#FFCC00,31,developer_dao,https://pbs.twimg.com/profile_images/1498373755583799301/dr7zfeyt_normal.jpg,"<strong>Developer DAO (üß±, üöÄ)</strong> | <a href=""https://twitter.com/developer_dao"">@developer_dao</a><p>Build web3 with friends ü§ù<br><br>New membership officially open ‚ö°Ô∏è<br><br>@web3con üåà<br><br>https://t.co/k407RuowQl<br><br>https://t.co/ZKZintUdTV </p><a href=""https://t.co/1D2d0LrcOV"">developerdao.notion.site/Getting-Starte‚Ä¶</a>"
Diatom DAO,#02E2AC,16,diatomdao,https://pbs.twimg.com/profile_images/1453440139301171205/oZZfX0z5_normal.jpg,"<strong>Diatom DAO (üåä,üåä)</strong> | <a href=""https://twitter.com/diatomdao"">@diatomdao</a><p>Ocean protection, decentralized. Starting with the first-ever tokenization of ocean plastics removal. </p><a href=""https://t.co/NCLXXdQHBc"">diatom.fund</a>"
DoinGud,#FFCC00,31,doingudhq,https://pbs.twimg.com/profile_images/1532179713145286656/TyPJIFYf_normal.jpg,"<strong>DoinGud</strong> | <a href=""https://twitter.com/DoinGudHQ"">@DoinGudHQ</a><p>DoinGud is an NFT ecosystem empowering creators, collectors, curators, and communities to do good üë®‚Äçüé§ We are hiring! üö® </p><a href=""https://t.co/Rqos4ZiKFV"">linktr.ee/doingud</a>"
Dream DAO,#02E2AC,27,dreamdao_,https://pbs.twimg.com/profile_images/1450845956035993604/3WlyJf0K_normal.jpg,"<strong>Dream DAO üë©üèΩ‚ÄçüöÄüåû (web3 x Gen Z x social impact)</strong> | <a href=""https://twitter.com/DreamDAO_"">@DreamDAO_</a><p>powered by @CivicsUnplugged, we train + fund regen-minded Gen Z leaders around the world to explore web3 + harness its power to build a #solarpunk future üåûüåç </p><a href=""https://t.co/aRm9JJPsDH"">dreamdao.xyz</a>"
ETH Puerto Rico DAO,#FFCC00,7,ethprdao,https://pbs.twimg.com/profile_images/1375109755824447489/O15M9cdV_normal.png,"<strong>ETH Puerto Rico</strong> | <a href=""https://twitter.com/ETHPRDAO"">@ETHPRDAO</a><p>Siembra una comunidad de pr√°ctica en #PuertoRico a trav√©s del ecosistema #Ethereum global. #consensysambassador </p><a href=""https://t.co/EEZYMBmZIK"">meetup.com/ethpuertorico/</a>"
Earth.fm,#02E2AC,17,earth_fm_live,https://pbs.twimg.com/profile_images/1500267034193584129/i6CYVG7e_normal.jpg,"<strong>earthüåèfm</strong> | <a href=""https://twitter.com/earth_fm_live"">@earth_fm_live</a><p>Listen to immersive natural soundscapes ‚ú®  and support the grassroots charities that work for the restoration of our natural world üå≥ </p><a href=""https://t.co/Ygmvx4E5uz"">earth.fm</a>"
EarthFund,#02E2AC,50,earthfund_io,https://pbs.twimg.com/profile_images/1479192567103250446/CKL2GFAr_normal.jpg,"<strong>EarthFund</strong> | <a href=""https://twitter.com/EarthFund_io"">@EarthFund_io</a><p>üåç Join the DAO. Change the world.<br><br>Decentralizing crowdfunding to give you a real voice in your future. <br><br>Join us üëá<br>https://t.co/e4Bnv3oZ1k </p><a href=""https://t.co/b0KdoyWdyt"">earthfund.io</a>"
Earthbanc,#02E2AC,27,earthbanc,https://pbs.twimg.com/profile_images/1267436792858509313/Wj5fOLGk_normal.jpg,"<strong>Earthbanc</strong> | <a href=""https://twitter.com/earthbanc"">@earthbanc</a><p>Merging digital MRV and carbon finance to regenerate the earth and scale up carbon removal #ReFi #ClimateFintech #CarbonCredits #DeFi #biodiversityüå±üåè #hiring </p><a href=""https://t.co/q02KImb9gQ"">earthbanc.io</a>"
Earthcoin,#02E2AC,13,solarpunkdao,https://pbs.twimg.com/profile_images/1502968717277540355/tcLNuAGW_normal.jpg,"<strong>EarthcoinüîÜüåø‚ö°üåç</strong> | <a href=""https://twitter.com/solarpunkdao"">@solarpunkdao</a><p>Now LIVE - $Earth - Antidote for the ecological crisis. Seed currency for the #solarpunk paradigm backed by climate solutions. <br><br> https://t.co/sbE6I3pxgn </p><a href=""https://t.co/mwC11T4YC0"">solarpunkdao.earth</a>"
Ecodao,#02E2AC,28,ecodao_,https://pbs.twimg.com/profile_images/1489782876073775104/Zd7mt8QM_normal.jpg,"<strong>ecodao</strong> | <a href=""https://twitter.com/ecodao_"">@ecodao_</a><p>mostly human artists supporting the environment one nft at a time </p><a href=""https://t.co/LsFmDjTsXE"">eco.mirror.xyz</a>"
Ecorise,#02E2AC,30,ecorisedao,https://pbs.twimg.com/profile_images/1467220224143331330/uKgUEXym_normal.jpg,"<strong>ECORISE FINANCE</strong> | <a href=""https://twitter.com/ECORISEDAO"">@ECORISEDAO</a><p>A DAO for Solarpunks and Real World Assets. https://t.co/CoaQyGZcxo (üåç,üåé) Ecorise Finance </p><a href=""https://t.co/l63zDjiaH2"">linktr.ee/EcoriseDAO</a>"
Edible Burners,#FFCC00,7,amboscoboinik,https://pbs.twimg.com/profile_images/1487932556687425537/s4NhFLIa_normal.jpg,"<strong>bosco.eth ‚öñÔ∏èüåèüíßü¶áüîäüêº</strong> | <a href=""https://twitter.com/amboscoboinik"">@amboscoboinik</a><p>Love Freedom </p>"
Endaoment,#FFCC00,26,endaomentdotorg,https://pbs.twimg.com/profile_images/1506341255952838658/o_KMyZrv_normal.png,"<strong>endaoment.eth</strong> | <a href=""https://twitter.com/endaomentdotorg"">@endaomentdotorg</a><p>Crypto Philanthropy ‚ú¶ First On-Chain 501(c)(3) Community Foundation <br><br>Every nonprofit now accepts any cryptocurrency ‚Üí  https://t.co/4O4A5Eb5pl </p><a href=""https://t.co/ci1aaUzfam"">endaoment.org</a>"
EthicHub,#4D82C1,16,ethichub,https://pbs.twimg.com/profile_images/1409739327735799808/3PgWB9jI_normal.jpg,"<strong>EthicHub</strong> | <a href=""https://twitter.com/EthicHub"">@EthicHub</a><p>The First #DeFi protocol connecting unbanked smallholder farmers with yield farmers and lenders globally.<br>$ETHIX - a confidence backed currency (üë©‚Äçüåæ,üßë‚Äçüåæ) </p><a href=""https://t.co/0akZxAm2PD"">linktr.ee/ethichub_</a>"
ForeFront,#F3587D,15,forefront__,https://pbs.twimg.com/profile_images/1293402536427139072/N2kir6jx_normal.jpg,"<strong>Forefront</strong> | <a href=""https://twitter.com/forefront__"">@forefront__</a><p>The Pulse of Web3 Social ‚óé $FF ‚Üí https://t.co/k162YCDCUF </p><a href=""https://t.co/0XFYYjap60"">linktr.ee/ffdao</a>"
Foresight Institute DAO,#F3587D,14,foresightinst,https://pbs.twimg.com/profile_images/1516264107468414976/ce0QvEJu_normal.jpg,"<strong>Foresight Institute</strong> | <a href=""https://twitter.com/foresightinst"">@foresightinst</a><p>Advancing science and technology for long-term, flourishing futures by creating community, promoting beneficial uses, and reducing potential misuse and harm. </p><a href=""https://t.co/4qX0kkY4vZ"">foresight.org</a>"
Future Foundation,#F3587D,22,ourfuturefdn,https://pbs.twimg.com/profile_images/1454550351365869571/uYcZtxPj_normal.jpg,"<strong>Future Foundation</strong> | <a href=""https://twitter.com/OurFutureFdn"">@OurFutureFdn</a><p>Building towards a more just and joyful future. Join and help us build the future of web3 x social impact </p><a href=""https://t.co/z1Y0CgJf1N"">futurefoundation.xyz</a>"
Gain Forest,#02E2AC,5,gainforestnow,https://pbs.twimg.com/profile_images/1284054028234772480/4CFuaH4Z_normal.png,"<strong>GainForest‚Ñ¢ üõ∞(üå±)</strong> | <a href=""https://twitter.com/GainForestNow"">@GainForestNow</a><p>GainForest‚Ñ¢ is a decentralised fund using artificial intelligence to measure and reward sustainable nature stewardship. https://t.co/2RuRVLeQ6q </p><a href=""https://t.co/s2BqX1SieD"">gainforest.net</a>"
Geo Web,#FFCC00,19,thegeoweb,https://pbs.twimg.com/profile_images/1370182208053460997/Cb3OyrL3_normal.jpg,"<strong>Geo Web</strong> | <a href=""https://twitter.com/thegeoweb"">@thegeoweb</a><p>Public good #AR layer of the #metaverse. Our #NFT digital land is administered w/ partial common ownership. Network funds are used to fund public good(s). </p><a href=""https://t.co/AR9M80p6k0"">linktr.ee/geoweb</a>"
Gitcoin,#FFCC00,43,gitcoindao,https://pbs.twimg.com/profile_images/1461730414146564100/BtBfgjFa_normal.jpg,"<strong>Gitcoin vibes üå±</strong> | <a href=""https://twitter.com/GitcoinDAO"">@GitcoinDAO</a><p>Solarpunk Futurism~ GR14 6/8 - 6/23 </p><a href=""https://t.co/jI9ovY2xl7"">gitcoindao.com</a>"
Give Crypto,#F3587D,3,givecrypto,https://pbs.twimg.com/profile_images/1012076844659757057/h_V_oaoG_normal.jpg,"<strong>GiveCrypto.org</strong> | <a href=""https://twitter.com/givecrypto"">@givecrypto</a><p>Donate crypto to people in need. </p><a href=""https://t.co/UFvCo171wS"">GiveCrypto.org</a>"
Give Safely,#FFCC00,5,givesafely,https://pbs.twimg.com/profile_images/1456617919882858497/X05a_MDX_normal.png,"<strong>GiveSafely.io</strong> | <a href=""https://twitter.com/givesafely"">@givesafely</a><p>Give safely to a trusted charity. Protect your data. Get rewards. Join our discord to discuss charities +crypto + web3 + NFTs: https://t.co/BYovSZFF2z </p><a href=""https://t.co/XNqesclwqZ"">givesafely.io</a>"
Giveth,#FFCC00,48,givethio,https://pbs.twimg.com/profile_images/1440344140609294348/5dWIUeGd_normal.jpg,"<strong>Giveth</strong> | <a href=""https://twitter.com/Givethio"">@Givethio</a><p>Transforming the way we fund public goods | Zero Added Fees | Donor Rewards | Regenerative Economics | Decentralizing Charity | DAO<br><br>@karmaticacid tweets </p><a href=""https://t.co/iwHTBO5N5o"">giveth.io</a>"
Giving Block,#FFCC00,19,thegivingblock,https://pbs.twimg.com/profile_images/1519765300094418949/6yfhVEAZ_normal.png,"<strong>The Giving Block</strong> | <a href=""https://twitter.com/TheGivingBlock"">@TheGivingBlock</a><p>Want to change the world with crypto? With over 1500 nonprofits accepting crypto donations, we can help. #CaringWithCrypto #CryptoIsGoodüöÄ‚ô•Ô∏è </p><a href=""https://t.co/l7MFQ05AxI"">linktr.ee/TheGivingBlock</a>"
Global Unity,#FFCC00,2,globalunityorg,https://pbs.twimg.com/profile_images/1258598799104147458/MHRV9sdf_normal.jpg,"<strong>globalunityorg</strong> | <a href=""https://twitter.com/globalunityorg"">@globalunityorg</a><p>Everyone for everyone. </p>"
Grassroots Economics,#4D82C1,13,grassecon,https://pbs.twimg.com/profile_images/1522094260916559874/z6pGAL9-_normal.jpg,"<strong>Grassroots Economics</strong> | <a href=""https://twitter.com/grassEcon"">@grassEcon</a><p>Empowerment through Community Inclusion Currencies </p><a href=""https://t.co/GzyGNTzodh"">grassrootseconomics.org</a>"
GreenClimateDAO,#02E2AC,2,greenclimatedao,https://pbs.twimg.com/profile_images/1508832032322895878/hRtw4eTD_normal.jpg,"<strong>GreenClimateDAO</strong> | <a href=""https://twitter.com/GreenClimateDAO"">@GreenClimateDAO</a><p>Harnesses the power of the crowd to fight #ClimateChange through #blockchain and @Climatecoin Climate balance: once and for all. Join the #community now! </p><a href=""https://t.co/7VJnHZ9gxF"">climatecoin.com</a>"
Grow Your Own Cloud,#FFCC00,6,_gyoc,https://pbs.twimg.com/profile_images/1049744592596172800/Sjcjq22N_normal.jpg,"<strong>Grow Your Own Cloud (üß¨,üå±)</strong> | <a href=""https://twitter.com/_GYOC"">@_GYOC</a><p>Storing your Data Nature's way üåø‚Å£ ‚Å£<br>‚Å£In #DNA üß¨<br>Bridging Web3 and Webüå≥<br>üåç<br><br>Founded by @cyrusclarke and @seyfriedmonika </p><a href=""https://t.co/1ewfPDRqEY"">growyourown.cloud</a>"
Gr√ºenDAO,#02E2AC,14,gruendao,https://pbs.twimg.com/profile_images/1495693727687671811/e3Zf630d_normal.jpg,"<strong>Gr√ºenDao</strong> | <a href=""https://twitter.com/GruenDao"">@GruenDao</a><p>Forming a #Decentralized Carbon Currency Reserve System <br><br>Create more effective #climateaction<br><br>#NodeArmy #Refi #Defi #Web3 #blockchain #whitelist #ohm </p><a href=""https://t.co/u9DS05AM40"">linktr.ee/grundao</a>"
HumanDAO,#02E2AC,6,humandao,https://pbs.twimg.com/profile_images/1486566824414257153/DXadf9Sv_normal.jpg,"<strong>humanDAO | NFT + Utility = Pocket Assistants</strong> | <a href=""https://twitter.com/humanDAO"">@humanDAO</a><p>Improving lives through crypto with education & opportunities in web3/metaverse. When you hodl, stake or use $HDAO you‚Äôre helping underserved communitiesü§ù </p><a href=""https://t.co/vyeX0WSUrf"">humandao.org</a>"
Impact,#FFCC00,14,impact_xyz,https://pbs.twimg.com/profile_images/1454936406501982214/io-yy6DB_normal.jpg,"<strong>Impact</strong> | <a href=""https://twitter.com/Impact_xyz"">@Impact_xyz</a><p>MINTING NOW in support of @keepabreast. NFT fundraising platform for charity - 95% of funds  to the cause.<br><br>Discord: https://t.co/ltgRrpWU7c </p><a href=""https://t.co/K7PDUmkdN9"">impactapp.xyz</a>"
Kernel,#F3587D,31,kernel0x,https://pbs.twimg.com/profile_images/1370056971592757248/-aY-VlJK_normal.jpg,"<strong>KERNEL</strong> | <a href=""https://twitter.com/KERNEL0x"">@KERNEL0x</a><p>it all starts with a KERNEL üå± a @gitcoin project </p><a href=""https://t.co/rcmtKeKu23"">kernel.community/en/start/</a>"
Kleros,#FFCC00,12,kleros_io,https://pbs.twimg.com/profile_images/897538206287179777/lRmXoLeB_normal.jpg,"<strong>Kleros</strong> | <a href=""https://twitter.com/Kleros_io"">@Kleros_io</a><p>A decentralized arbitration protocol for disputes in the #web3 economy.<br><br>We're Hiring!<br>https://t.co/R0pFNn2wVi<br><br>$PNK | https://t.co/FaA0UrJWZR </p><a href=""https://t.co/ITvgdvnN5r"">kleros.io</a>"
KlimaDAO,#02E2AC,55,klimadao,https://pbs.twimg.com/profile_images/1478155147649953799/7hlpmj4N_normal.jpg,"<strong>KlimaDAO (üå≥,üå≥)</strong> | <a href=""https://twitter.com/KlimaDAO"">@KlimaDAO</a><p>Introducing $KLIMA ‚Äî an algorithmic carbon-backed cryptocurrency (üå≥,üå≥) #ReFi<br>Join our community of ü¶ç Klimates:<br>https://t.co/DHXgR0rDTE </p><a href=""https://t.co/CAyyLdhNzm"">klimadao.finance</a>"
Kokonut Network,#02E2AC,58,kokonutnetwork,https://pbs.twimg.com/profile_images/1491193466893836291/tyGH_soe_normal.jpg,"<strong>Kokonut Network DAO</strong> | <a href=""https://twitter.com/KokonutNetwork"">@KokonutNetwork</a><p>Building the infrastructure to connect Web3 with Agriculture<br>1 Kokonut DAO Share = 1 REAL Coconut Plant FOREVERü••üå¥<br>Only 60,000 Shares For Kokonut v1 Join Us ü§ó </p><a href=""https://t.co/mfwyPm6tuj"">linktr.ee/kokonutnetwork</a>"
Kolektivo,#FFCC00,34,kolektivo,https://pbs.twimg.com/profile_images/1527245286250250240/c1RTFDkW_normal.jpg,"<strong>Kolektivo</strong> | <a href=""https://twitter.com/Kolektivo"">@Kolektivo</a><p>Creating a Framework for Local Regenerative Economies #ReFi üçÉ<br><br>Launching the first MVP in Q4 2021 on @CeloOrg in #Cura√ßao </p><a href=""https://t.co/0IyXJmTe10"">kolektivo.co</a>"
Kumo Earth,#02E2AC,5,kumo_dao,https://pbs.twimg.com/profile_images/1483701117632528385/cT_EA2SQ_normal.jpg,"<strong>Kumo</strong> | <a href=""https://twitter.com/Kumo_DAO"">@Kumo_DAO</a><p>Building the 1st StableCoin 100% Backed by Nature Assets<br>Peg to USD - Launch on Polygon Q3 2022<br>Raising #SeedRound<br> <br>Let's turn money into Climate Action </p><a href=""https://t.co/02cWHJ4k77"">linktr.ee/kumo.earth</a>"
LOA Labs,#02E2AC,49,loa_labs,https://pbs.twimg.com/profile_images/1469211321082126336/DqzqzjaP_normal.jpg,"<strong>LOA Labs</strong> | <a href=""https://twitter.com/loa_labs"">@loa_labs</a><p>Network Growth Partner for Better World Blockchains - marketing/comms, community, strategy, tokens  üåå  Validator for $REGEN, $JUNO, $IXO, $GRAV, $BCNA </p><a href=""https://t.co/prvPDDW5In"">loalabs.io</a>"
LabDAO,#F3587D,13,lab_dao,https://pbs.twimg.com/profile_images/1492164455840423940/uSPUItUM_normal.jpg,"<strong>LabDAO üíöü•º</strong> | <a href=""https://twitter.com/lab_dao"">@lab_dao</a><p>the future of biomedical science is an open, community-run network of wet & dry laboratories üßë‚Äçüî¨https://t.co/waTfGuj0AW - we are pre-launch </p><a href=""https://t.co/9Jz9XF6TGd"">linktr.ee/LabDAO</a>"
LaborDAO,#4D82C1,2,thelabordao,https://pbs.twimg.com/profile_images/1495543237544710145/CHYRkGuD_normal.jpg,"<strong>TheLaborDAO</strong> | <a href=""https://twitter.com/thelabordao"">@thelabordao</a><p>The first decentralized community to fund workers who want to organize, strike and collectively bargain. <br><br>Discord: https://t.co/514Vd7amqW </p><a href=""https://t.co/cLW0WuI6KZ"">TheLaborDAO.com</a>"
Leyline,#F3587D,5,leylinenp,https://pbs.twimg.com/profile_images/1417107314885074952/inpL5nPO_normal.jpg,"<strong>Leyline - NFTs for Good</strong> | <a href=""https://twitter.com/leylinenp"">@leylinenp</a><p>We mint NFT art and collectibles through acts of altruism. Serving impoverished communities and NGOs around the world. https://t.co/y4P10oRhSr BAYC#9483 </p><a href=""https://t.co/fhyE5Nbq5M"">linktr.ee/p_o_e_t</a>"
Longtail Financial,#FFCC00,30,longtailfintech,https://pbs.twimg.com/profile_images/1448425192611479555/8_VK3mwZ_normal.jpg,"<strong>Longtail Financial ‚ô®Ô∏è</strong> | <a href=""https://twitter.com/LongTailFinTech"">@LongTailFinTech</a><p>Longtail Financial provides financial data science and token engineering services to help organizations build and optimize crypto-economic systems. </p><a href=""https://t.co/ix6hvyzrWl"">longtailfinancial.com</a>"
Lynx,#F3587D,8,lynx_technology,https://pbs.twimg.com/profile_images/1502309313762803719/PMmuj74D_normal.jpg,"<strong>LYNX</strong> | <a href=""https://twitter.com/LYNX_Technology"">@LYNX_Technology</a><p>North Star: Combine data from wearables to gain advanced insights into your individual health and wellbeing. Create and own your biometric clone with LYNX. </p><a href=""https://t.co/P9Qs7OSJio"">phas3.io/LYNX</a>"
MOONJELLY,#02E2AC,36,wearemoonjelly,https://pbs.twimg.com/profile_images/1401629295248764928/3ahETmp2_normal.jpg,"<strong>Moonjelly üåä</strong> | <a href=""https://twitter.com/wearemoonjelly"">@wearemoonjelly</a><p>A community of proven pioneers within ocean impact, science, storytelling, and web3 on a mission to decentralize and decolonise ocean conservation. #DeCon </p><a href=""https://t.co/FWApCFSFWY"">moonjelly.io</a>"
Menthol Protocol,#02E2AC,27,mentholprotocol,https://pbs.twimg.com/profile_images/1443546246728323078/Y5cMaToi_normal.jpg,"<strong>Menthol Protocol (is Hiring)</strong> | <a href=""https://twitter.com/MentholProtocol"">@MentholProtocol</a><p>Menthol Protocol is the first multichain decentral sustainability ecosystem. Cool the world one tx at a time! Soon we'll close our seed round led by Republic! </p><a href=""https://t.co/ptwaAVmfpM"">linktr.ee/mentholprotocol</a>"
Mercy Corps Ventures FinX,#4D82C1,9,mcsocialventure,https://pbs.twimg.com/profile_images/1435274463717871620/qNE1kP0a_normal.jpg,"<strong>Mercy Corps Ventures</strong> | <a href=""https://twitter.com/MCSocialVenture"">@MCSocialVenture</a><p>Fueling high-impact ventures from seed to scale.<br><br>LinkedIn https://t.co/rI23d0tNIg | Newsletter https://t.co/DZwkSCsz1l </p><a href=""https://t.co/vv4K32NGiV"">mercycorps.org/what-we-do/ven‚Ä¶</a>"
Meta Gamma Delta DAO ,#F3587D,17,metagammadelta,https://pbs.twimg.com/profile_images/1501324066619224064/S0iRdGzQ_normal.jpg,"<strong>META GAMMA DELTA DAO</strong> | <a href=""https://twitter.com/metagammadelta"">@metagammadelta</a><p>Inclusive ‚ö°Ô∏è Empowering ‚ö°Ô∏è Decentralized ‚ö°Ô∏è MGD DAO supports women-led projects in the blockchain space through grants. Join us! </p><a href=""https://t.co/OWOwZu9zUC"">discord.com/invite/ewqXEvc‚Ä¶</a>"
Molecule,#F3587D,26,molecule_dao,https://pbs.twimg.com/profile_images/1509626029773623316/HdZ-NvkM_normal.jpg,"<strong>Molecule</strong> | <a href=""https://twitter.com/Molecule_dao"">@Molecule_dao</a><p>A decentralised biotech protocol porting IP into web3 and launching biotech DAOs like @vita_dao and @PsyDAO_<br> <br>üß™ we're hiring üë©‚Äçüî¨<br><br>Discord: https://t.co/gbCSbXf0Oh </p><a href=""https://t.co/Mb55cDFvXU"">molecule.to</a>"
NFTree Haus,#02E2AC,10,nftreehaus,https://pbs.twimg.com/profile_images/1478588578380726273/iVHiGbiB_normal.jpg,"<strong>NFTree Haus (üå±,üå±)</strong> | <a href=""https://twitter.com/nftreehaus"">@nftreehaus</a><p>1 NFTree = 1 City Tree </p><a href=""https://t.co/IbEKiYI6bM"">linktr.ee/nftreehaus</a>"
Nectar Protocol,#F3587D,2,nectarprotocol,https://pbs.twimg.com/profile_images/1448800639308509185/xjae91MB_normal.jpg,"<strong>Nectar Protocol</strong> | <a href=""https://twitter.com/NectarProtocol"">@NectarProtocol</a><p>zkRollup & decentralized file storage protocol for the $7T health industry. first app @shyrohealth by @tamarinhealth Female founded. #L222 </p><a href=""https://t.co/qzVfQTlFea"">linktr.ee/tamarinhealth</a>"
Nori,#02E2AC,15,nori,https://pbs.twimg.com/profile_images/1490772408755634177/xu0QpGfG_normal.jpg,"<strong>Nori</strong> | <a href=""https://twitter.com/nori"">@nori</a><p>Nori is a blockchain-backed carbon removal marketplace est. in 2017.<br>Stay updated on the NORI token launch üëâ https://t.co/th4tPnr64C </p><a href=""https://t.co/XT6qdHgqUK"">nori.com</a>"
OCEAN Protocol,#F3587D,6,oceandao_,https://pbs.twimg.com/profile_images/1403113745551925249/uDnhMK0J_normal.jpg,"<strong>OceanDAO</strong> | <a href=""https://twitter.com/OceanDAO_"">@OceanDAO_</a><p>Seeding the best @oceanprotocol ecosystem projects.<br><br>Home of batch grants (funding¬≤, earmarks), CoreTech/Outreach WG, data NFT labs, and soon: data farming üåæü™Ñ </p><a href=""https://t.co/R3XRrZZgcU"">discord.gg/38wYfmwg</a>"
OpSci,#F3587D,22,opscientia,https://pbs.twimg.com/profile_images/1515915555919863810/fmO7POI0_normal.jpg,"<strong>OpSci</strong> | <a href=""https://twitter.com/opscientia"">@opscientia</a><p>an autonomous research community ‚ö°Ô∏è science needs a firmware update #DeSci </p><a href=""https://t.co/f0Fw3lYKyU"">opsci.io</a>"
Open Earth Foundation,#02E2AC,17,open__earth,https://pbs.twimg.com/profile_images/1503408762685698052/wNnuLV31_normal.jpg,"<strong>Open Earth Foundation</strong> | <a href=""https://twitter.com/Open__Earth"">@Open__Earth</a><p>A not for profit harnessing emerging digital technologies & radical collaboration to innovate, deploy & scale concrete systemic solutions at a planetary level </p><a href=""https://t.co/8cnX1vOxRN"">openearth.org</a>"
Open Forest Protocol ,#02E2AC,40,openforest_,https://pbs.twimg.com/profile_images/1501195924768534528/0QgebLXH_normal.jpg,"<strong>Open Forest Protocol (OFP)</strong> | <a href=""https://twitter.com/OpenForest_"">@OpenForest_</a><p>The Open Forest Protocol is a trusted open-source Protocol based on a public blockchain platform for communal verification and reporting of forest dataüå≤ </p><a href=""https://t.co/2Je4LmY2SI"">linktr.ee/openforestprot‚Ä¶</a>"
OpenAccessDAO,#F3587D,4,openaccessdao,https://pbs.twimg.com/profile_images/1468371149729927171/GsKVA0vr_normal.jpg,"<strong>OpenAccessDAO</strong> | <a href=""https://twitter.com/OpenAccessDAO"">@OpenAccessDAO</a><p>Making Science Open Access for all  (üÜì,üÜì) </p><a href=""https://t.co/XtiV433euN"">oadao.org</a>"
PR1S0N Art,#F3587D,13,pr1s0nart,https://pbs.twimg.com/profile_images/1500890212892819464/J6BhVCFT_normal.jpg,"<strong>pr1s0nart</strong> | <a href=""https://twitter.com/pr1s0nart"">@pr1s0nart</a><p>Digital art which pays back prisoner debt, restoring justice and the dignity of returning citizens<br>https://t.co/XVfGR93W1o </p><a href=""https://t.co/D6ppTm2Qd9"">pr1s0n.art</a>"
PactDAO,#4D82C1,6,pactdao,https://pbs.twimg.com/profile_images/1455023492064219136/vDVwQax0_normal.jpg,"<strong>pact</strong> | <a href=""https://twitter.com/pactDAO"">@pactDAO</a><p>Make a pact with the people of your city. A NYC-based DAO for mutual aid. </p><a href=""https://t.co/GdncLdub2M"">mirror.xyz/pactcollective‚Ä¶</a>"
Panvala,#FFCC00,22,panvalahq,https://pbs.twimg.com/profile_images/1432945984150155264/U3XNtqRo_normal.jpg,"<strong>Panvala üç≥</strong> | <a href=""https://twitter.com/PanvalaHQ"">@PanvalaHQ</a><p>Panvala is a network of communities who cooperate and earn perks from Panvala's shared endowment. We want to share Panvala with your community, too! </p><a href=""https://t.co/tV3NpnohOz"">panvala.com</a>"
Parcel.money,#F3587D,7,parcelhq,https://pbs.twimg.com/profile_images/1495678950235725824/F5vbYU64_normal.jpg,"<strong>Parcel</strong> | <a href=""https://twitter.com/parcelHQ"">@parcelHQ</a><p>PaymentOS for the Contributor Economy<br><br>https://t.co/ZWaSFGdBWW </p><a href=""https://t.co/bUG7kOFkWx"">parcel.money</a>"
PeopleDAO,#FFCC00,6,the_peopledao,https://pbs.twimg.com/profile_images/1463931234472509441/D0QThGaI_normal.jpg,"<strong>PeopleDAO (üìú, ü§ù)</strong> | <a href=""https://twitter.com/The_PeopleDAO"">@The_PeopleDAO</a><p>PeopleDAO is a metaDAO governed by $PEOPLE token. From the people, To the people, For the people. (üìú,ü§ù). </p><a href=""https://t.co/yApnTmhLNM"">linktr.ee/peopledao</a>"
PizzaDAO,#FFCC00,5,pizza_dao,https://pbs.twimg.com/profile_images/1515442094109863936/d_5sTA7U_normal.jpg,"<strong>PizzaDAO.eth üçïüè¥‚Äç‚ò†Ô∏è</strong> | <a href=""https://twitter.com/Pizza_DAO"">@Pizza_DAO</a><p>Tokenizing every pizzeria on Earth. @RarePizzas NFT minting now: https://t.co/EZ2i09upTO </p><a href=""https://t.co/MUZs2tiLVO"">rarepizzas.com</a>"
Planetary Resilience DAO,#F3587D,21,jessezondervan,https://pbs.twimg.com/profile_images/1442221827372331008/bDdtfhxI_normal.jpg,"<strong>Dr Jesse Zondervan üåçüèîüë®‚Äçüî¨ ‚Ä¢ Geologist</strong> | <a href=""https://twitter.com/JesseZondervan"">@JesseZondervan</a><p>Research Scientist @ROC_CO2 @UniofOxford ‚Ä¢ @wilbe_science #BSF6 Fellow ‚Ä¢ Editor @Geo_Dev ‚Ä¢ @ESEImperial alumnus ‚Ä¢ #SurfaceProcesses ‚Ä¢ Biogeoengineering ‚Ä¢ #DeSci </p><a href=""https://t.co/AW1R9OAuMO"">earth.ox.ac.uk/people/jesse-z‚Ä¶</a>"
Popcorn Network,#02E2AC,17,popcorn_dao,https://pbs.twimg.com/profile_images/1511703924146847757/7JVLOXNq_normal.jpg,"<strong>Popcorn</strong> | <a href=""https://twitter.com/Popcorn_DAO"">@Popcorn_DAO</a><p>üåç Impact Made Easy üåé<br><br>üßà Earn noble yield with Butter https://t.co/fUE4u4fnJE <br><br>üçø #DeFi4Good Discord: https://t.co/9Mr1VSPSb9 </p><a href=""https://t.co/llhcLMofoX"">popcorn.network</a>"
Pozzle Planet,#02E2AC,9,pozzleplanet,https://pbs.twimg.com/profile_images/1528610855511728128/87V-ZWOm_normal.jpg,"<strong>Pozzle Planet</strong> | <a href=""https://twitter.com/PozzlePlanet"">@PozzlePlanet</a><p>Pozzle Planet is an Impact-2-Earn NFT-protocol and mobile-appüì±Earn $POZ by joining and sharing POZitive actions üíúüåçüå± https://t.co/Zwhx1YAikv </p><a href=""https://t.co/bKAAyxAFOw"">pozzleplanet.com</a>"
PrimeDAO,#FFCC00,51,primedao_,https://pbs.twimg.com/profile_images/1399376178453090305/RJD82RrV_normal.jpg,"<strong>PrimeDAO (D2D)</strong> | <a href=""https://twitter.com/PrimeDAO_"">@PrimeDAO_</a><p>Building tools that turn DeFi into a cooperative ecosystem. #DAO2DAO products and services. </p><a href=""https://t.co/ZSmAAJh4WT"">prime.xyz</a>"
Project Ark,#02E2AC,23,weareprojectark,https://pbs.twimg.com/profile_images/1466469450912251916/9loneEs0_normal.jpg,"<strong>Project Ark</strong> | <a href=""https://twitter.com/WeAreProjectArk"">@WeAreProjectArk</a><p>Project Ark is a social-impact NFT platform, directly funding environmental conservation efforts around the world. <br>JOIN US:  https://t.co/69eid01UOO </p>"
Proof of Humanity,#FFCC00,15,proofofhumanity,https://pbs.twimg.com/profile_images/1380603982205321217/EuVE1qKL_normal.jpg,"<strong>Proof of Humanity</strong> | <a href=""https://twitter.com/proofofhumanity"">@proofofhumanity</a><p>Sybil-resistant registry of Humans using social verification + @Kleros_io courts. Streaming $UBI üíß & building a decentralized democracy! </p><a href=""https://t.co/uRQpYh4hkf"">proofofhumanity.id</a>"
Proof of Integrity,#FFCC00,5,proof_integrity,https://pbs.twimg.com/profile_images/1479571988326715392/brDTz-ll_normal.jpg,"<strong>Proof Of Integrity</strong> | <a href=""https://twitter.com/proof_integrity"">@proof_integrity</a><p>Helping struggling communities to reduce poverty through financial training and crypto embracement. Powered by @beontechstudio. </p><a href=""https://t.co/qQKzd61M8F"">proofofintegrity.org</a>"
Protein Community,#FFCC00,53,protein,https://pbs.twimg.com/profile_images/1498963326621175811/-33yvad6_normal.jpg,"<strong>Protein (üíö,üå±)</strong> | <a href=""https://twitter.com/protein"">@protein</a><p>Hello. We are Protein. A place where people and ideas grow. Powered by $PRTN </p><a href=""https://t.co/j8yKQTG0EJ"">discord.gg/protein</a>"
PsyDAO,#F3587D,7,psydao_,https://pbs.twimg.com/profile_images/1445490915284447247/FkxX31Om_normal.jpg,"<strong>PsyDAO</strong> | <a href=""https://twitter.com/PsyDAO_"">@PsyDAO_</a><p>PsyDAO is forming a decentralised organisation with the goal of funding research at the intersection of psychedelics and mental health. </p><a href=""https://t.co/Q0Pt74FrYK"">psydao.com</a>"
Public Good School,#FFCC00,4,publicgood_s,https://pbs.twimg.com/profile_images/1482443795438489609/odYydXDD_normal.png,"<strong>Public Good School üå±</strong> | <a href=""https://twitter.com/PublicGood_S"">@PublicGood_S</a><p>We are growing innovative leaders üå±<br><br>Public Good School is a center for Public Goods education, training, and activism.<br><br>Join us and help build a better world! </p>"
ReFi DAO,#4D82C1,78,refidaoist,https://pbs.twimg.com/profile_images/1495113844108234757/KIz-ugMM_normal.jpg,"<strong>ReFi DAO</strong> | <a href=""https://twitter.com/ReFiDAOist"">@ReFiDAOist</a><p>üå≥ Scaling meaningful climate action with #web3. <br>‚ù§Ô∏è Justice, Equity, Diversity and Inclusion<br>üôè DM us your #ReFi story for an invite </p><a href=""https://t.co/uIaK1PyoS8"">refidao.com</a>"
Regen Network,#02E2AC,66,regen_network,https://pbs.twimg.com/profile_images/1531703353478066177/8zvqMFY2_normal.png,"<strong>Regen Network (Hiring!)</strong> | <a href=""https://twitter.com/regen_network"">@regen_network</a><p>Platform for a Thriving Planet üåè nothing less than planetary regeneration. #blockchain #drawdown | Built on @cosmos | #hiring </p><a href=""https://t.co/7NelV3XB8X"">regen.network</a>"
Return Protocol,#02E2AC,51,returnprotocol,https://pbs.twimg.com/profile_images/1486911107763781634/hK1LCOdh_normal.jpg,"<strong>Return</strong> | <a href=""https://twitter.com/ReturnProtocol"">@ReturnProtocol</a><p>Make your blockchain life automatically sustainable forever and show the world with one single click and payment üå≥<br><br>Launching in Q3 2022 üöÄ<br><br>#ReFi #DeFi #Web3 </p><a href=""https://t.co/QDR90qs3qy"">rb.gy/ogpmpv</a>"
Ribon,#F3587D,3,ribondao,https://pbs.twimg.com/profile_images/1414980075657781253/si45PDXk_normal.jpg,"<strong>RibonDAO</strong> | <a href=""https://twitter.com/RibonDAO"">@RibonDAO</a><p>+40k active users donation platform awarded by @gatesfoundation | Becoming the #DAO that will change the charity market | Join our community on: https://t.co/l6HnV1rTLJ </p><a href=""https://t.co/Ka2ZBxNLcT"">ribon.io/en</a>"
RnDAO,#4D82C1,2,RnDAO__,https://pbs.twimg.com/profile_images/1498337715661778946/7YEners2_normal.jpg,"<strong>RnDAO (üîç,‚úèÔ∏è)</strong> | <a href=""https://twitter.com/RnDAO__"">@RnDAO__</a><p>empower<br>humane<br>collaboration </p><a href=""https://t.co/4XB82up7TF"">bit.ly/joinrndao</a>"
Socialstack,#FFCC00,9,trysocialstack,https://pbs.twimg.com/profile_images/1486017781757845509/QzZje9US_normal.jpg,"<strong>Socialstack</strong> | <a href=""https://twitter.com/trysocialstack"">@trysocialstack</a><p>the code-free social token platform that gives a damn  <br><br>free transactions. carbon negative. built on Celo, Polygon and Ethereum. </p><a href=""https://t.co/baR4n068hs"">socialstack.co</a>"
Solid World DAO,#02E2AC,48,solidworlddao,https://pbs.twimg.com/profile_images/1489284392992264197/24jk55_T_normal.jpg,"<strong>Solid World DAO</strong> | <a href=""https://twitter.com/solidworlddao"">@solidworlddao</a><p>A Web3 protocol that is funding the future of planet Earth<br><br>Discord: https://t.co/qvfTSBZiFz<br>Telegram: https://t.co/NHKuoH1LJt </p><a href=""https://t.co/eusLnuOYVM"">solid.world</a>"
SolidarityCard,#FFCC00,8,solcardorg,https://pbs.twimg.com/profile_images/1457895697697619973/KvjphzvC_normal.jpg,"<strong>SolidarityCard</strong> | <a href=""https://twitter.com/solcardorg"">@solcardorg</a><p>SolidarityCard humanizes and supports people in need through authentic conversations and transparent donations. üå± @KERNEL0x #KB5 </p><a href=""https://t.co/fB5cGclFgt"">solcard.org</a>"
Sovereign Nature Initiative,#02E2AC,35,sovereignnature,https://pbs.twimg.com/profile_images/1140680058698383360/1tGYV9Ni_normal.png,"<strong>Sovereign Nature Initiative</strong> | <a href=""https://twitter.com/sovereignnature"">@sovereignnature</a><p>Reconfiguring the intersection between ecology, economy, and emerging technologies üåçüí°üåø </p><a href=""https://t.co/fVl7VOtIBs"">sovereignnature.com</a>"
Spark Eco,#02E2AC,38,spark_eco,https://pbs.twimg.com/profile_images/1469331578220388362/iIJKpz5t_normal.jpg,"<strong>‚òÄÔ∏è Spark Eco üå≥</strong> | <a href=""https://twitter.com/spark_eco"">@spark_eco</a><p>https://t.co/7ACv7RLPDd is funding solar in emerging markets with crypto. Pilot project crowdfunding coming. Join the adventure: https://t.co/hQYZso8xtb </p><a href=""https://t.co/7SlS3TYMto"">gitcoin.co/grants/4883/de‚Ä¶</a>"
SuperBenefit,#4D82C1,3,superbenefitdao,https://pbs.twimg.com/profile_images/1501683292252381184/ol7vN85__normal.jpg,"<strong>SuperBenefit</strong> | <a href=""https://twitter.com/SuperBenefitDAO"">@SuperBenefitDAO</a><p>Making better happen faster. </p><a href=""https://t.co/SmAxGrrqFE"">superbenefit.org</a>"
Surge Women,#F3587D,19,surge_women,https://pbs.twimg.com/profile_images/1453433842077818883/VZcpMbbl_normal.jpg,"<strong>Surge</strong> | <a href=""https://twitter.com/surge_women"">@surge_women</a><p>A female-led organization educating and securing womxn‚Äôs place in Web3- 5000 Passport NFTs on Opensea ‚ù§Ô∏è https://t.co/G0jz7ryet6 </p><a href=""https://t.co/h2cvtd136H"">linktr.ee/surgewomen</a>"
TEC,#FFCC00,32,tecmns,https://pbs.twimg.com/profile_images/1359180303332433923/J1XNdjPW_normal.png,"<strong>Token Engineering Commons</strong> | <a href=""https://twitter.com/tecmns"">@tecmns</a><p>The TEC is advancing the field of token engineering. Participate in our collaborative economy & decision making. üåà https://t.co/TrLSYwTAtG </p><a href=""https://t.co/VzNzZyGQp6"">tecommons.org</a>"
The Eden Dao,#02E2AC,37,theedendao,https://pbs.twimg.com/profile_images/1486138412155301888/x0Axrznt_normal.jpg,"<strong>Eden Dao (üåé, üåç, üåè) ü¶áüîä</strong> | <a href=""https://twitter.com/TheEdenDao"">@TheEdenDao</a><p>We are creating the carbon coin that hyperscales carbon removal and creates wealth for generations to come. #DRMwithus üëá </p><a href=""https://t.co/hNutw5jj2t"">drm.edendao.finance</a>"
Therapoid,#F3587D,2,opentherapeutic,https://pbs.twimg.com/profile_images/1333840579361378307/-rQ2dJPO_normal.jpg,"<strong>Open Therapeutics</strong> | <a href=""https://twitter.com/OpenTherapeutic"">@OpenTherapeutic</a><p>#Blockchain-based #OpenScience & #OpenAccess platform. Awards #ScienceCoins #cryptocurrency to researchers who collaborate. Free tools, services, and funding. </p><a href=""https://t.co/ZqFBnoszog"">OpenTherapeutics.net</a>"
Thirsty Thirsty,#4D82C1,11,thirstythirsty8,https://pbs.twimg.com/profile_images/1473381159635591168/2Q3XsoDQ_normal.jpg,"<strong>Thirsty Thirsty - Minting June 10</strong> | <a href=""https://twitter.com/thirstythirsty8"">@thirstythirsty8</a><p>A remembrance project disguised as the coolest food & wine club on Earthüçæ Regenerate Mother Earth deliciously. 888 VIP #web3 Membership & Fine #wine #NFTs. </p><a href=""https://t.co/dzaNoiYiAg"">linktr.ee/thirstythirsty</a>"
Tip Party,#FFCC00,13,moonshotcollect,https://pbs.twimg.com/profile_images/1471546323317010440/q2X940i4_normal.jpg,"<strong>Moonshot Collective</strong> | <a href=""https://twitter.com/MoonshotCollect"">@MoonshotCollect</a><p>We are the prototyping Workstream and Builder Community @GitcoinDAO. </p>"
Toucan,#02E2AC,64,toucanprotocol,https://pbs.twimg.com/profile_images/1532273103983857665/tKcldLWM_normal.jpg,"<strong>Toucan Protocol</strong> | <a href=""https://twitter.com/ToucanProtocol"">@ToucanProtocol</a><p>We build infrastructure for carbon markets to finance the world's best climate crisis solutions.<br><br>#DeFi #ReFi #Web3<br><br>Discord & Office Hour: https://t.co/ckDnFCU9HV </p><a href=""https://t.co/eNpvRxLViF"">toucan.earth</a>"
Treejer,#02E2AC,21,treejertalks,https://pbs.twimg.com/profile_images/1516128881824215042/vWGNL1Ut_normal.jpg,"<strong>Treejer (üõñüå≥üõñ)</strong> | <a href=""https://twitter.com/TreejerTalks"">@TreejerTalks</a><p>Connecting Funders to Rural Tree Planters Worldwide | Genesis Mint is live! | https://t.co/p13aquaxaI </p><a href=""https://t.co/fgHJPgA7G8"">treejer.com/genesis</a>"
UNICEF CryptoFund,#F3587D,5,unicefinnovate,https://pbs.twimg.com/profile_images/1239983011539619840/QxoPitsQ_normal.jpg,"<strong>UNICEF Innovation</strong> | <a href=""https://twitter.com/UNICEFinnovate"">@UNICEFinnovate</a><p>An interdisciplinary team tasked with identifying, prototyping, and scaling technologies and practices that strengthen UNICEF‚Äôs work for children. #uinnovate </p><a href=""https://t.co/TO3smFomHh"">unicef.org/innovation</a>"
UltraSound Merch Supply Chain,#FFCC00,3,ultrasoundmerch,https://pbs.twimg.com/profile_images/1488266138320527366/FmfTA-zW_normal.jpg,"<strong>UltraSound Merch</strong> | <a href=""https://twitter.com/UltraSoundMerch"">@UltraSoundMerch</a><p>Evergreen Merch for your Cryptonative Community https://t.co/xuRnvBYGNe </p>"
VitaDAO,#F3587D,42,vita_dao,https://pbs.twimg.com/profile_images/1463097895696183298/9EYOgc3Y_normal.jpg,"<strong>VitaDAO üíõ</strong> | <a href=""https://twitter.com/vita_dao"">@vita_dao</a><p>VitaDAO is a community owned collective funding early stage longevity research, governed by $VITA-holders üß¨ üëâ https://t.co/uq15UrsgHO </p><a href=""https://t.co/Bn6tXfR1Je"">linktr.ee/VitaDAO</a>"
WellnessDAO,#FFCC00,5,wellnessdao,https://pbs.twimg.com/profile_images/1498471208664199172/4taknTus_normal.jpg,"<strong>wellnessDAO</strong> | <a href=""https://twitter.com/wellnessDAO"">@wellnessDAO</a><p>community-driven Discord-Assisted Org promoting mental wellness thru social accountability. DMs open https://t.co/roExRXQR6P wellness passports soon ‚ú® </p><a href=""https://t.co/yLLGXRCfRd"">wellnessdao.life</a>"
Xplorer Club. Environment.wiki,#02E2AC,37,clubxplorers,https://pbs.twimg.com/profile_images/1496903775608447001/m22mEWqr_normal.jpg,"<strong>XplorŒûr</strong> | <a href=""https://twitter.com/ClubXplorers"">@ClubXplorers</a><p>One foot in the wilderness on earth and one in the meta wilderness. Avoiding traffic. Love and beauty wherever. </p><a href=""https://t.co/WAPn77mws6"">environment.wiki</a>"
_slow_crypto - Fabrics of Reality,#F3587D,10,_slow_crypto,https://pbs.twimg.com/profile_images/1491209412874285061/bAuU-d5Q_normal.jpg,"<strong>_slow_crypto</strong> | <a href=""https://twitter.com/_slow_crypto"">@_slow_crypto</a><p>ü™ê || Naturally-dyed cosmic minimalism. . . . . . . üë®‚Äçüé® || Crypto art lab of @thomas_rothery. . . . . . . üêå || Slow fashion, slow food, slow crypto. . . . . </p><a href=""https://t.co/qgLOyJponS"">slowcrypto.com</a>"
dClimate,#02E2AC,23,dclimatedao,https://pbs.twimg.com/profile_images/1483443499546644493/2sruqkVw_normal.png,"<strong>dClimate</strong> | <a href=""https://twitter.com/dClimateDAO"">@dClimateDAO</a><p>The first decentralized network (DAO) for climate data, forecasts, and models. https://t.co/YQxtoVvmHy </p><a href=""https://t.co/zBbepvIDDO"">dclimate.net</a>"
elimu.ai Community üë©üèΩ‚ÄçüöÄ,#F3587D,2,elimu_ai,https://pbs.twimg.com/profile_images/1105890174431563776/_0ydZcq2_normal.png,"<strong>elimu.ai Community DAO üë©üèΩ‚ÄçüöÄ</strong> | <a href=""https://twitter.com/elimu_ai"">@elimu_ai</a><p>Quality basic education for every child üöÄ <br>#opensource #edtech #ai #ml #dao <br>üíé $ELIMU <br>üí¨ https://t.co/UTkplWyTJr </p><a href=""https://t.co/Xx1k7wKgNn"">elimu.ai</a>"
ixo,#02E2AC,30,ixoworld,https://pbs.twimg.com/profile_images/1457293969801482241/78AXqR-5_normal.jpg,"<strong>ixo</strong> | <a href=""https://twitter.com/ixoworld"">@ixoworld</a><p>Build your Impact DAO marketplace on the Internet of Impact. A layer-1 carbon-negative chain purposed for #ReFi and verifying #EarthState change. https://t.co/uRDTpdEGej </p><a href=""https://t.co/AHGz1Txta7"">ixo.world</a>"
katalyst.earth,#02E2AC,18,katalystearth,https://pbs.twimg.com/profile_images/1524929400953012224/HOkZLv5j_normal.jpg,"<strong>katalyst.earth</strong> | <a href=""https://twitter.com/KatalystEarth"">@KatalystEarth</a><p>https://t.co/s9SxKGGuXh is accelerating the transition to #NetZero through climate positive projects üå≥üå≤üå≥. JOIN OUR COMMUNITY: https://t.co/BIk3ltQ43j </p><a href=""https://t.co/KEP1P6PHfk"">katalyst.earth</a>"
senken,#02E2AC,26,senken_io,https://pbs.twimg.com/profile_images/1496099050986385419/NtQ19nrT_normal.jpg,"<strong>senken</strong> | <a href=""https://twitter.com/senken_io"">@senken_io</a><p>Regenerative Finance platform & Launchpad for credible carbon credits #refi </p><a href=""https://t.co/o9AM5ZiCfL"">senken.io</a>"
she256,#F3587D,15,she_256,https://pbs.twimg.com/profile_images/1083237948995264512/dndkl5JN_normal.jpg,"<strong>she256</strong> | <a href=""https://twitter.com/she_256"">@she_256</a><p>501c3 nonprofit aiming to increase diversity & break down barriers to entry in the crypto space. Discord: https://t.co/w4SDAUUOk5 </p><a href=""https://t.co/XQmumljFb0"">she256.org</a>"
voizdao,#FFCC00,13,voizdao,https://pbs.twimg.com/profile_images/1455999743604125698/iFH-hFWC_normal.jpg,"<strong>VoizDAO</strong> | <a href=""https://twitter.com/voizDAO"">@voizDAO</a><p>solarpunk investing and consumption üåû | what's beyond ESG and greenwashing | questing for a livable world üåç </p><a href=""https://t.co/brWoJMVogn"">voizdao.xyz</a>"
