,UID,Project Name,Twitter,Logo URL,DAO Friends,DAO Followers
0,1049744320356470784,Grow Your Own Cloud,_gyoc,http://pbs.twimg.com/profile_images/1049744592596172800/Sjcjq22N_normal.jpg,"Molecule, ClimateDAO , Clime DAO, Protein Community, Gitcoin","Clime DAO, PrimeDAO, Protein Community"
1,1370576489909993472,_slow_crypto - Fabrics of Reality,_slow_crypto,http://pbs.twimg.com/profile_images/1491209412874285061/bAuU-d5Q_normal.jpg,"ForeFront, Regen Network, Kernel, Surge Women, 1Hive, Gitcoin, Dream DAO, SuperBenefit, Leyline, DoinGud",
2,1475869555826253828,0xdaoApe,0xdaoape,http://pbs.twimg.com/profile_images/1475869715058900994/7aKGFe00_normal.jpg,"Longtail Financial, Kleros, Regen Network, Proof of Humanity, PrimeDAO, KlimaDAO, 1Hive, Gitcoin, GitcoinDAO, TEC, Giveth, 1Hive Gardens","Giveth, TEC"
3,996552749893304320,1Hive,1hiveorg,http://pbs.twimg.com/profile_images/1276286557494837248/SgXEhvrc_normal.png,"Curve Labs, 1Hive Gardens, GitcoinDAO","_slow_crypto - Fabrics of Reality, 0xdaoApe, Citizen DAO, Curve Labs, DeveloperDAO, 1Hive Gardens, Gitcoin, Giveth, Kokonut Network, Kolektivo, Longtail Financial, Panvala, PrimeDAO, Protein Community, Spark Eco, TEC, voizdao"
4,1884644034,NFTREE,a_micorriza,http://pbs.twimg.com/profile_images/378800000493225239/6ce090ef322401c65eb0c8e4a1e2a816_normal.jpeg,,
5,1352737184076476417,Acerola Fund,acerolafund,http://pbs.twimg.com/profile_images/1353749069131296781/XKissMx__normal.jpg,,
6,1403870329366355969,AcreDAOS,acredaos,http://pbs.twimg.com/profile_images/1461360204755308552/pM4Wpc8G_normal.jpg,"Toucan, ReFi DAO, Return Protocol, Kokonut Network, The Eden Dao, Blockchain for Climate foundation, All for Climate DAO, Giveth, DOER Money DAO, Open Forest Protocol , Regen Network, Impact, Giving Block, VitaDAO, KlimaDAO, DoinGud, AYOWECCA, Endaoment","Aera Force, All for Climate DAO, AntidoteDAO, Avano, Basin DAO, Bloomeria, Carbon Captors , Carbon Collectible NFTs, Citizen DAO, ClimateDAO , Xplorer Club. Environment.wiki, DOER Money DAO, EarthFund, Endaoment, Kokonut Network, LOA Labs, Bloom Network, PrimeDAO, ReFi DAO, Regen Network, Return Protocol"
7,1468747986230513677,Aera Force,aeraforce,http://pbs.twimg.com/profile_images/1509925596364685320/i8Ens9Wd_normal.jpg,"Citizen DAO, Return Protocol, AcreDAOS, Basin DAO, Protein Community, Ecorise, All for Climate DAO, Blockchain for Climate foundation, ClimateDAO , The Eden Dao, KlimaDAO, Toucan","AntidoteDAO, Avano, Carbon Captors , Carbon Collectible NFTs, ClimateDAO , Xplorer Club. Environment.wiki, Cool Points Club, Earthbanc, ixo, LOA Labs, Bloom Network, PrimeDAO, Protein Community, ReFi DAO, Regen Network, Return Protocol, senken, Solid World DAO"
8,1500467943649464330,Intra-Action Dao,afetakyaka,http://pbs.twimg.com/profile_images/1500468140878319622/pxfMpcFf_normal.png,,
9,1460801607940116486,All for Climate DAO,all4climatedao,http://pbs.twimg.com/profile_images/1461336359734554627/Zd05zz8c_normal.jpg,"Nori, ixo, EthicHub, Return Protocol, ReFi DAO, Future Foundation, Curve Labs, Ecorise, Open Forest Protocol , Diatom DAO, Citizen DAO, ClimateDAO , Ecodao, Kolektivo, Earthcoin, AcreDAOS, The Eden Dao, KlimaDAO, GitcoinDAO, Spark Eco, DeveloperDAO, AYOWECCA, Giveth, Regen Network, Toucan, Bloom Network, Blockchain for Climate foundation, Dream DAO","AcreDAOS, Aera Force, AntidoteDAO, Avano, Basin DAO, Blood M1n3, Bloomeria, Carbon Captors , Carbon Collectible NFTs, Cherubs DAO, Citizen DAO, Climate Finance DAO, Clime DAO, Xplorer Club. Environment.wiki, DeveloperDAO, Earth.fm, EarthFund, Ecorise, Gitcoin, Gr√ºenDAO, ixo, katalyst.earth, Kokonut Network, LOA Labs, Longtail Financial, Menthol Protocol, Open Earth Foundation, Bloom Network, Protein Community, ReFi DAO, Return Protocol, senken, Solid World DAO, Sovereign Nature Initiative, Spark Eco, Treejer, MOONJELLY"
10,225901353,Edible Burners,amboscoboinik,http://pbs.twimg.com/profile_images/1487932556687425537/s4NhFLIa_normal.jpg,"Socialstack, VitaDAO, Proof of Humanity, Proof of Integrity, PizzaDAO, DeveloperDAO, EthStaker","Blood M1n3, Proof of Integrity"
11,1384732309123829761,Angel Protocol,angelprotocol,http://pbs.twimg.com/profile_images/1385343617225560068/Z0nRwp37_normal.jpg,"Regen Network, Future Foundation","AntidoteDAO, Citizen DAO, Xplorer Club. Environment.wiki, Impact, ixo, Leyline, Future Foundation, Protein Community"
12,1486470137381371904,AntidoteDAO,antidotedao,http://pbs.twimg.com/profile_images/1508297064630956040/rc4hlH4Y_normal.png,"Curve Labs, Cabin, Cohere, OpSci, Impact, Endaoment, ixo, LOA Labs, GitcoinDAO, Surge Women, Ecorise, Decent DAO, Future Foundation, Angel Protocol, LabDAO, Popcorn Network, Open Forest Protocol , PsyDAO, Meta Gamma Delta DAO , Carbon Captors , Cherubs DAO, Aera Force, KlimaDAO, Thirsty Thirsty, BioDAO, Citizen DAO, DeveloperDAO, Basin DAO, Solid World DAO, All for Climate DAO, Avano, EarthFund, Diatom DAO, Give Safely, Return Protocol, HumanDAO, Regen Network, Foresight Institute DAO, dClimate, Giving Block, ClimateDAO , AcreDAOS, ReFi DAO, Molecule, The Eden Dao, VitaDAO, Dream DAO, PrimeDAO","Blood M1n3, Carbon Captors , Cherubs DAO, Kokonut Network, OpSci, Future Foundation, Solid World DAO, VitaDAO"
13,1261307955464593410,Ants-review,antsreview,http://pbs.twimg.com/profile_images/1266760531412692992/amsBtaCr_normal.jpg,"Surge Women, Lynx, LabDAO, TEC, VitaDAO, Molecule, Atoms, OpSci, DoinGud, Kernel, Parcel.money, Meta Gamma Delta DAO , she256, GitcoinDAO, Planetary Resilience DAO, Cosmos","Planetary Resilience DAO, Molecule, OpSci, PR1S0N Art"
14,1384244604124340229,Aquari,aquariofficial,http://pbs.twimg.com/profile_images/1390675212581097473/Zjzkwdqm_normal.jpg,,"ClimateDAO , Kokonut Network, LOA Labs"
15,3184528398,Artizen,artizenfund,http://pbs.twimg.com/profile_images/1354930931719491585/3e-XZrvq_normal.jpg,"DoinGud, Crypto Culture and Society, ClimateDAO , Regen Network, Protein Community, she256, Solid World DAO, Ecodao, KlimaDAO, Cabin, Proof of Humanity, Kleros, GitcoinDAO","ClimateDAO , Protein Community, Solid World DAO"
16,1301143980357419008,Astral Protocol,astralprotocol,http://pbs.twimg.com/profile_images/1301144670177820672/qX3mlQtp_normal.jpg,"Regen Network, Celo, dClimate, Return Protocol, Project Ark, Toucan, GitcoinDAO, Geo Web, Open Forest Protocol , KlimaDAO, Curve Labs, PR1S0N Art, Bloom Network, Kernel","Avano, Carbon Captors , Celo, Curve Labs, dClimate, Planetary Resilience DAO, Kokonut Network, Kolektivo, Open Forest Protocol , Bloom Network, PR1S0N Art, PrimeDAO, Protein Community, Regen Network, Return Protocol, Sovereign Nature Initiative, Geo Web, Toucan, MOONJELLY"
17,1407791007857475584,Atoms,atoms_org,http://pbs.twimg.com/profile_images/1408969527333847042/4-ZuTQNE_normal.jpg,,"Ants-review, Foresight Institute DAO, Molecule, OpSci, VitaDAO"
18,1458474141196107783,Avano,avano_io,http://pbs.twimg.com/profile_images/1494445096053325842/zxT6DGVz_normal.jpg,"Giveth, Geo Web, LOA Labs, Carbon Captors , Xplorer Club. Environment.wiki, Spark Eco, Menthol Protocol, katalyst.earth, EarthFund, Kokonut Network, Citizen DAO, Cohere, Treejer, Aera Force, Kolektivo, Return Protocol, senken, Sovereign Nature Initiative, ClimateDAO , The Eden Dao, Nori, MOONJELLY, AYOWECCA, All for Climate DAO, Solid World DAO, Ecorise, Open Forest Protocol , Diatom DAO, Regen Network, Bloomeria, dClimate, Toucan, ReFi DAO, AcreDAOS, TEC, Astral Protocol, Bloom Network, Dream DAO, Gain Forest, NFTree Haus","AntidoteDAO, AYOWECCA, Basin DAO, Bloomeria, Carbon Captors , Xplorer Club. Environment.wiki, EarthFund, katalyst.earth, Kokonut Network, LOA Labs, Menthol Protocol, NFTree Haus, Open Forest Protocol , Bloom Network, ReFi DAO, Return Protocol, senken, Solid World DAO, Spark Eco, Geo Web, MOONJELLY"
19,3197090716,AYOWECCA,ayowecca_uganda,http://pbs.twimg.com/profile_images/1256915740197863425/YXN0dsRN_normal.jpg,"Toucan, Panvala, Spark Eco, Avano","AcreDAOS, All for Climate DAO, Avano, Xplorer Club. Environment.wiki, ReFi DAO, senken"
20,765801233110163456,Basin DAO,basindao,http://pbs.twimg.com/profile_images/1463399377402314760/DNY9cgtS_normal.jpg,"Earthbanc, Socialstack, Popcorn Network, GitcoinDAO, LOA Labs, ReFi DAO, Solid World DAO, Avano, ixo, Ecorise, Celo, All for Climate DAO, AcreDAOS, Toucan, Ecodao, The Eden Dao, KlimaDAO, ClimateDAO , Regen Network, dClimate, Longtail Financial, Bloom Network","Aera Force, AntidoteDAO, Carbon Captors , Citizen DAO, ClimateDAO , Climate Finance DAO, Clime DAO, Xplorer Club. Environment.wiki, dClimate, Earthbanc, EarthFund, Ecorise, ixo, katalyst.earth, Kokonut Network, LOA Labs, Longtail Financial, Mercy Corps Ventures FinX, Open Forest Protocol , Bloom Network, ReFi DAO, Regen Network, Return Protocol, Solid World DAO, Sovereign Nature Initiative, Spark Eco, voizdao, MOONJELLY, Project Ark"
21,1476703422460039192,BioDAO,biodaoxyz,http://pbs.twimg.com/profile_images/1485042580177907714/n0Inv55w_normal.jpg,"PsyDAO, LabDAO, OpSci, VitaDAO","AntidoteDAO, Foresight Institute DAO, OpSci, VitaDAO"
22,917429284939079680,Blockchain for Climate foundation,blockforclimate,http://pbs.twimg.com/profile_images/1455859963889213445/x8wXr7Oh_normal.jpg,"Toucan, voizdao, Sovereign Nature Initiative, KlimaDAO, DoinGud, Open Earth Foundation, Giving Block, Regen Network, Giveth, she256, ixo, Nori, Planetary Resilience DAO, Gain Forest, Cosmos","AcreDAOS, Aera Force, All for Climate DAO, Blood M1n3, Carbon Captors , Carbon Collectible NFTs, ClimateDAO , Climate Finance DAO, Clime DAO, Xplorer Club. Environment.wiki, Earth.fm, Earthbanc, EarthFund, ixo, Planetary Resilience DAO, Kokonut Network, LOA Labs, Nori, Open Earth Foundation, ReFi DAO, Regen Network, Return Protocol, Sovereign Nature Initiative, Giving Block, voizdao, MOONJELLY, Project Ark"
23,1465761898733969413,Blood M1n3,bloodm1n3,http://pbs.twimg.com/profile_images/1491776089915637764/-30DXuWW_normal.jpg,"AntidoteDAO, DoinGud, EthicHub, Cohere, Carbon Collectible NFTs, Celo, Earthcoin, Blockchain for Climate foundation, The Eden Dao, Diatom DAO, Dream DAO, EarthFund, PeopleDAO, Solid World DAO, Spark Eco, Carbon Captors , ixo, Sovereign Nature Initiative, Kolektivo, Kernel, KlimaDAO, GitcoinDAO, Gitcoin, All for Climate DAO, Ecorise, Edible Burners, Open Forest Protocol , Giveth, Return Protocol, Regen Network, Bloomeria, dClimate, Nectar Protocol, LOA Labs, Toucan, ClimateDAO , Climate Finance DAO, ReFi DAO, TEC, Future Foundation, Ecodao","Carbon Collectible NFTs, Solid World DAO"
24,1355074667674009600,Bloomeria,bloomeria_dao,http://pbs.twimg.com/profile_images/1355088367013212161/aLWrVK0j_normal.jpg,"Earthbanc, Ecorise, Carbon Captors , Sovereign Nature Initiative, ClimateDAO , AcreDAOS, Solid World DAO, Avano, EarthFund, Return Protocol, Dream DAO, ReFi DAO, MOONJELLY, Treejer, Open Forest Protocol , The Eden Dao, KlimaDAO, Meta Gamma Delta DAO , GitcoinDAO, Kernel, All for Climate DAO, Giveth, Regen Network, LOA Labs, Toucan, Giving Block, Climate Finance DAO, Panvala, Kleros, Bloom Network","Avano, Blood M1n3, Carbon Captors , Xplorer Club. Environment.wiki, EarthFund, Giveth, katalyst.earth, Kokonut Network, Bloom Network, PrimeDAO, Regen Network, Solid World DAO, MOONJELLY"
25,1392865673940983809,Brokoli,brokolinetwork,http://pbs.twimg.com/profile_images/1430617946167066626/PR2b57fF_normal.jpg,,"LOA Labs, Project Ark"
26,1496813200632913922,Carbon Captors ,carboncaptors,http://pbs.twimg.com/profile_images/1496818455219216390/UwZ0CVsQ_normal.jpg,"Earthbanc, LOA Labs, Menthol Protocol, senken, Bloomeria, Celo, AntidoteDAO, Kumo Earth, EarthFund, dClimate, Astral Protocol, Kernel, Avano, Solid World DAO, Treejer, Future Foundation, AcreDAOS, Open Forest Protocol , Nori, GitcoinDAO, KlimaDAO, The Eden Dao, Aera Force, DeveloperDAO, Gitcoin, Basin DAO, All for Climate DAO, Ecorise, Return Protocol, Regen Network, Toucan, ClimateDAO , Climate Finance DAO, ReFi DAO, Blockchain for Climate foundation, Dream DAO","AntidoteDAO, Avano, Blood M1n3, Bloomeria, Carbon Collectible NFTs, Xplorer Club. Environment.wiki, Kokonut Network, LOA Labs, Menthol Protocol, Nori, Protein Community, ReFi DAO, Solid World DAO"
27,1447429397821079552,Carbon Collectible NFTs,carbonoffsetnft,http://pbs.twimg.com/profile_images/1518382217432485888/-VpdsiGt_normal.jpg,"Ecorise, AcreDAOS, Popcorn Network, ixo, Treejer, Toucan, dClimate, Gr√ºenDAO, Kokonut Network, Curve Labs, Earth.fm, GreenClimateDAO, ReFi DAO, Aera Force, ClimateDAO , Solid World DAO, MOONJELLY, Carbon Captors , Earthcoin, Blood M1n3, DeveloperDAO, All for Climate DAO, Open Forest Protocol , Return Protocol, Menthol Protocol, Blockchain for Climate foundation","Blood M1n3, Ecorise, Impact, Kokonut Network, Menthol Protocol, Return Protocol, Solid World DAO"
28,1009135067153616896,Celo,celoorg,http://pbs.twimg.com/profile_images/1493309659599486986/5ETdHxeE_normal.jpg,"Curve Labs, Toucan, EthicHub, Mercy Corps Ventures FinX, PrimeDAO, Dream DAO, Astral Protocol, ReFi DAO, Socialstack, Kolektivo, Regen Network, she256, Giving Block, GitcoinDAO, UNICEF CryptoFund, Cosmos","Astral Protocol, Basin DAO, Blood M1n3, Carbon Captors , ClimateDAO , Clime DAO, Xplorer Club. Environment.wiki, Curve Labs, DeveloperDAO, Earthbanc, EarthFund, Ecorise, Endaoment, EthicHub, GitcoinDAO, katalyst.earth, Kokonut Network, Kolektivo, LOA Labs, Longtail Financial, Mercy Corps Ventures FinX, Menthol Protocol, Open Forest Protocol , PrimeDAO, Protein Community, ReFi DAO, Regen Network, Return Protocol, Ribon, senken, Spark Eco, Giving Block, Toucan, Treejer, Socialstack, VitaDAO"
29,1421233268372824065,Cheerbot,cheerbotme,http://pbs.twimg.com/profile_images/1515123788438032386/U86eYjob_normal.png,"Web3 Music Metadata Standards Coalition, Tip Party, Gitcoin",
30,1448253975980126209,Cherubs DAO,cherubsdao,http://pbs.twimg.com/profile_images/1461111085067603971/A1LX50MT_normal.jpg,"Giveth, Cabin, Molecule, Impact, AntidoteDAO, VitaDAO, DoinGud, Future Foundation, All for Climate DAO, GitcoinDAO, Giving Block","AntidoteDAO, DoinGud, Giveth, Future Foundation"
31,1470127827781570560,Circonomy,circonomydao,http://pbs.twimg.com/profile_images/1500542961410580496/DicM6XPM_normal.png,"ReFi DAO, SolidarityCard, Sovereign Nature Initiative, Kolektivo, GitcoinDAO",
32,1391929522304471040,Citizen DAO,citizendao,http://pbs.twimg.com/profile_images/1466272943688888321/e8j2P6L4_normal.jpg,"Xplorer Club. Environment.wiki, Angel Protocol, Cohere, Popcorn Network, LOA Labs, Climate Finance DAO, Solid World DAO, ReFi DAO, MOONJELLY, NFTree Haus, Sovereign Nature Initiative, Open Forest Protocol , ClimateDAO , Earthcoin, VitaDAO, LabDAO, Tip Party, 1Hive Gardens, KlimaDAO, Impact, The Eden Dao, GitcoinDAO, 1Hive, Kolektivo, Gitcoin, Spark Eco, she256, DeveloperDAO, Basin DAO, All for Climate DAO, Code4rena, Diatom DAO, Giveth, ForeFront, Regen Network, Endaoment, Giving Block, Toucan, OCEAN Protocol, AcreDAOS, Cabin, Molecule, TEC, Surge Women, Future Foundation, Ecodao, Grassroots Economics, PactDAO, Dream DAO, Crypto Culture and Society, PrimeDAO","Aera Force, All for Climate DAO, AntidoteDAO, Avano, Xplorer Club. Environment.wiki, DeveloperDAO, EarthFund, Ecodao, Impact, LOA Labs, NFTree Haus, Future Foundation, Protein Community, Solid World DAO, Sovereign Nature Initiative, Surge Women, MOONJELLY"
33,1425536434056749058,ClimateDAO ,climate_dao,http://pbs.twimg.com/profile_images/1499761953882923009/ZfgXLTBO_normal.png,"Ecorise, Cabin, Mercy Corps Ventures FinX, senken, VitaDAO, Gitcoin, Future Foundation, SuperBenefit, Return Protocol, DOER Money DAO, PizzaDAO, Kernel, Diatom DAO, Aera Force, Solid World DAO, ReFi DAO, Artizen, Open Forest Protocol , The Eden Dao, KlimaDAO, Thirsty Thirsty, Spark Eco, DeveloperDAO, Aquari, Basin DAO, EarthFund, Celo, Regen Network, dClimate, Toucan, Project Ark, AcreDAOS, Cosmos, TEC, Protein Community, Ecodao, Blockchain for Climate foundation, PactDAO, Dream DAO, Crypto Culture and Society, PrimeDAO","Grow Your Own Cloud, Aera Force, All for Climate DAO, AntidoteDAO, Artizen, Avano, Basin DAO, Blood M1n3, Bloomeria, Carbon Captors , Carbon Collectible NFTs, Citizen DAO, Climate Finance DAO, Clime DAO, Xplorer Club. Environment.wiki, EarthFund, Ecorise, Gitcoin, Gr√ºenDAO, katalyst.earth, Kokonut Network, LOA Labs, Longtail Financial, Menthol Protocol, Open Earth Foundation, Open Forest Protocol , Future Foundation, PR1S0N Art, Protein Community, ReFi DAO, Regen Network, Return Protocol, Solid World DAO, Sovereign Nature Initiative, Spark Eco, Surge Women, Thirsty Thirsty, MOONJELLY"
34,1464751953750208512,Climate Finance DAO,climatefindao,http://pbs.twimg.com/profile_images/1464765590652997636/z7b63Skp_normal.jpg,"Basin DAO, PrimeDAO, Popcorn Network, Sovereign Nature Initiative, Treejer, Proof of Humanity, Ecodao, DeveloperDAO, Tip Party, Gitcoin, Open Earth Foundation, All for Climate DAO, ClimateDAO , The Eden Dao, Toucan, Diatom DAO, GitcoinDAO, Nori, Regen Network, Bloom Network, Blockchain for Climate foundation","Blood M1n3, Bloomeria, Carbon Captors , Citizen DAO, Xplorer Club. Environment.wiki, EarthFund, Menthol Protocol, Open Earth Foundation, Bloom Network, ReFi DAO, Treejer, MOONJELLY"
35,1496363069525880835,Clime DAO,climedao,http://pbs.twimg.com/profile_images/1511646045742432258/kwWwkOce_normal.jpg,"Grow Your Own Cloud, LOA Labs, Cohere, Earthcoin, Basin DAO, The Eden Dao, Solid World DAO, Return Protocol, KlimaDAO, Blockchain for Climate foundation, Treejer, Toucan, All for Climate DAO, ReFi DAO, ClimateDAO , Popcorn Network, Dream DAO, Celo","Grow Your Own Cloud, LOA Labs, ReFi DAO, Return Protocol, Solid World DAO"
36,1496174519068753920,Xplorer Club. Environment.wiki,clubxplorers,http://pbs.twimg.com/profile_images/1496903775608447001/m22mEWqr_normal.jpg,"Celo, ixo, MOONJELLY, Bloomeria, Carbon Captors , Regen Network, Blockchain for Climate foundation, Earthcoin, Citizen DAO, Diatom DAO, Earth.fm, Tip Party, Angel Protocol, Aera Force, EarthFund, Toucan, The Eden Dao, KlimaDAO, ClimateDAO , GitcoinDAO, Gitcoin, AYOWECCA, Basin DAO, All for Climate DAO, Solid World DAO, Ecorise, Avano, Open Forest Protocol , Return Protocol, dClimate, LOA Labs, Climate Finance DAO, AcreDAOS, ReFi DAO, Cabin, Ecodao, Dream DAO","Avano, Citizen DAO, Solid World DAO"
37,1358831196747235328,Code4rena,code4rena,http://pbs.twimg.com/profile_images/1461661937746407424/9RXtCZ5v_normal.png,"Parcel.money, GitcoinDAO","Citizen DAO, PrimeDAO"
38,1358092687963021314,Cohere,coherenetwork,http://pbs.twimg.com/profile_images/1358113018681446400/IPcrmbdD_normal.jpg,GitcoinDAO,"AntidoteDAO, Avano, Blood M1n3, Citizen DAO, Clime DAO, Cool Points Club, Cabin, Kokonut Network, Bloom Network, ReFi DAO, Regen Network, Solid World DAO, Thirsty Thirsty"
39,2473091772,Converge,converge4impact,http://pbs.twimg.com/profile_images/1438991514206556164/Okjj6J9L_normal.jpg,,"Bloom Network, Protein Community"
40,1427415501777498124,Cool Points Club,coolpointsclub,http://pbs.twimg.com/profile_images/1439790931859804165/HFfHi-ix_normal.jpg,"Toucan, Return Protocol, Cohere, ReFi DAO, KlimaDAO, Solid World DAO, Aera Force","Return Protocol, Solid World DAO"
41,15223775,Cosmos,cosmos,http://pbs.twimg.com/profile_images/1328431690268729347/flijoJYv_normal.jpg,"Regen Network, ixo, GitcoinDAO","Ants-review, Blockchain for Climate foundation, Celo, ClimateDAO , Curve Labs, Earthbanc, EarthFund, EthicHub, GitcoinDAO, ixo, LOA Labs, PR1S0N Art, Protein Community, Regen Network"
42,1328939221785174017,Cabin,creatorcabins,http://pbs.twimg.com/profile_images/1458804832551247877/z8CMVDb8_normal.jpg,"ForeFront, VitaDAO, Cohere, KlimaDAO, Protein Community, Kernel","AntidoteDAO, Artizen, Cherubs DAO, Citizen DAO, ClimateDAO , Xplorer Club. Environment.wiki, DAOpunks, ForeFront, Planetary Resilience DAO, Kokonut Network, Protein Community, ReFi DAO, Spark Eco, Thirsty Thirsty, VitaDAO, WellnessDAO"
43,1393871555894071296,Crowdmuse,crowdmuse,http://pbs.twimg.com/profile_images/1499475706996273156/ymt0Jq2X_normal.jpg,,"Protein Community, ReFi DAO, MOONJELLY"
44,1437562337150455809,Crypto Culture and Society,cryptosocietys1,http://pbs.twimg.com/profile_images/1502365946614276100/xPQrAcRT_normal.jpg,,"Artizen, Citizen DAO, ClimateDAO , DeveloperDAO, Longtail Financial, ParadigmStates+, Protein Community, Public Good School, Surge Women"
45,1028536069330022400,Curve Labs,curvelabs,http://pbs.twimg.com/profile_images/1506287116376027140/_aje108X_normal.jpg,"Molecule, ReFi DAO, LabDAO, Celo, Astral Protocol, Regen Network, Kolektivo, VitaDAO, Open Forest Protocol , TEC, PrimeDAO, Sovereign Nature Initiative, GitcoinDAO, Toucan, ixo, 1Hive, Cosmos","1Hive, All for Climate DAO, AntidoteDAO, Astral Protocol, Carbon Collectible NFTs, Celo, ETH Puerto Rico DAO, ixo, Kokonut Network, Kolektivo, LOA Labs, Longtail Financial, Mercy Corps Ventures FinX, Menthol Protocol, Molecule, Open Forest Protocol , Bloom Network, PR1S0N Art, PrimeDAO, ReFi DAO, senken, Solid World DAO, Sovereign Nature Initiative, TEC, Geo Web, Toucan, VitaDAO, voizdao, Project Ark"
46,1435302453654736898,DAOpunks,daopunksnft,http://pbs.twimg.com/profile_images/1445550891466047493/4RSf3ecC_normal.jpg,"UltraSound Merch Supply Chain, Cabin",UltraSound Merch Supply Chain
47,1356383420289581056,dClimate,dclimatedao,http://pbs.twimg.com/profile_images/1483443499546644493/2sruqkVw_normal.png,"Ecorise, Astral Protocol, The Eden Dao, Toucan, Basin DAO, ReFi DAO, Solid World DAO, Open Forest Protocol ","AntidoteDAO, Astral Protocol, Avano, Basin DAO, Blood M1n3, Carbon Captors , Carbon Collectible NFTs, ClimateDAO , Xplorer Club. Environment.wiki, Earthbanc, Gr√ºenDAO, katalyst.earth, Kokonut Network, Menthol Protocol, Open Forest Protocol , Return Protocol, Solid World DAO, Sovereign Nature Initiative, Geo Web"
48,869742357964521474,Decent DAO,decent_dao,http://pbs.twimg.com/profile_images/1389651235008036873/bXqAPBB3_normal.jpg,,AntidoteDAO
49,1433793310703898629,DeveloperDAO,developer_dao,http://pbs.twimg.com/profile_images/1498373755583799301/dr7zfeyt_normal.jpg,"Surge Women, PrimeDAO, WellnessDAO, ForeFront, Future Foundation, 1Hive, All for Climate DAO, Dream DAO, Citizen DAO, Crypto Culture and Society, Protein Community, Gitcoin, PeopleDAO, she256, KlimaDAO, GitcoinDAO, Tip Party, Celo","All for Climate DAO, Edible Burners, AntidoteDAO, Carbon Captors , Carbon Collectible NFTs, Citizen DAO, ClimateDAO , Climate Finance DAO, EarthFund, EthicHub, Gitcoin, Kokonut Network, LabDAO, Longtail Financial, Tip Party, Future Foundation, Protein Community, Public Good School, ReFi DAO, Surge Women, PeopleDAO, WellnessDAO"
50,1435670041412898825,Diatom DAO,diatomdao,http://pbs.twimg.com/profile_images/1453440139301171205/oZZfX0z5_normal.jpg,KlimaDAO,"All for Climate DAO, AntidoteDAO, Avano, Blood M1n3, Citizen DAO, ClimateDAO , Climate Finance DAO, Xplorer Club. Environment.wiki, EarthFund, Kokonut Network, Menthol Protocol, Regen Network, Return Protocol, Spark Eco, MOONJELLY"
51,1474425781220786184,DOER Money DAO,doerdotmoney,http://pbs.twimg.com/profile_images/1496463760474660872/JmqKQYSg_normal.jpg,AcreDAOS,"AcreDAOS, ClimateDAO "
52,1242250551888359424,DoinGud,doingudhq,http://pbs.twimg.com/profile_images/1532179713145286656/TyPJIFYf_normal.jpg,"Socialstack, Cherubs DAO, Giving Block, GitcoinDAO, Open Earth Foundation, Gitcoin, Giveth, Endaoment, Kernel, Panvala","_slow_crypto - Fabrics of Reality, AcreDAOS, Ants-review, Artizen, Blockchain for Climate foundation, Blood M1n3, Cherubs DAO, EarthFund, Endaoment, EthicHub, Foresight Institute DAO, Gitcoin, Give Safely, Giveth, Impact, Kernel, Kolektivo, Longtail Financial, NFTree Haus, Open Earth Foundation, Bloom Network, Panvala, Proof of Integrity, Protein Community, ReFi DAO, TEC, Geo Web, Giving Block, Socialstack, MOONJELLY"
53,1436307043791646720,Dream DAO,dreamdao_,http://pbs.twimg.com/profile_images/1450845956035993604/3WlyJf0K_normal.jpg,,"_slow_crypto - Fabrics of Reality, All for Climate DAO, AntidoteDAO, Avano, Blood M1n3, Bloomeria, Carbon Captors , Celo, Citizen DAO, ClimateDAO , Clime DAO, Xplorer Club. Environment.wiki, DeveloperDAO, EarthFund, Ecorise, Gitcoin, Global Unity, Impact, ixo, Menthol Protocol, Bloom Network, Future Foundation, PrimeDAO, Protein Community, Spark Eco, Surge Women, MOONJELLY"
54,1488574983790112778,Earth.fm,earth_fm_live,http://pbs.twimg.com/profile_images/1500267034193584129/i6CYVG7e_normal.jpg,"Giveth, Treejer, Ecodao, senken, HumanDAO, Giving Block, All for Climate DAO, Nori, Proof of Humanity, Spark Eco, Open Forest Protocol , LOA Labs, GitcoinDAO, Blockchain for Climate foundation, Regen Network","Carbon Collectible NFTs, Xplorer Club. Environment.wiki, senken, Treejer"
55,1244607227270479872,Earthbanc,earthbanc,http://pbs.twimg.com/profile_images/1267436792858509313/Wj5fOLGk_normal.jpg,"Basin DAO, LOA Labs, Sovereign Nature Initiative, Proof of Integrity, Kernel, GitcoinDAO, Solid World DAO, Gitcoin, ReFi DAO, PrimeDAO, Popcorn Network, The Eden Dao, Toucan, Aera Force, Ecodao, Tip Party, KlimaDAO, Celo, Regen Network, dClimate, Cosmos, Blockchain for Climate foundation, Grassroots Economics","Basin DAO, Bloomeria, Carbon Captors , Kokonut Network, LOA Labs, senken, Solid World DAO"
56,1479191424826544136,EarthFund,earthfund_io,http://pbs.twimg.com/profile_images/1479192567103250446/CKL2GFAr_normal.jpg,"Proof of Humanity, Menthol Protocol, katalyst.earth, GitcoinDAO, DoinGud, Blockchain for Climate foundation, Solid World DAO, Gitcoin, Return Protocol, Endaoment, 1Hive Gardens, Popcorn Network, Treejer, Earthcoin, Avano, All for Climate DAO, Sovereign Nature Initiative, MOONJELLY, KlimaDAO, ClimateDAO , The Eden Dao, Citizen DAO, Spark Eco, DeveloperDAO, Basin DAO, Ecorise, Open Forest Protocol , Diatom DAO, ForeFront, Celo, Regen Network, Bloomeria, LOA Labs, Toucan, Climate Finance DAO, AcreDAOS, ReFi DAO, Cosmos, Future Foundation, Ecodao, Grassroots Economics, Dream DAO, NFTree Haus","AntidoteDAO, Avano, Blood M1n3, Bloomeria, Carbon Captors , ClimateDAO , Xplorer Club. Environment.wiki, Ecorise, katalyst.earth, Kokonut Network, Menthol Protocol, NFTree Haus, Bloom Network, Future Foundation, ReFi DAO, Regen Network, Return Protocol, Solid World DAO, Spark Eco, MOONJELLY, WellnessDAO"
57,1450323110889205761,Ecodao,ecodao_,http://pbs.twimg.com/profile_images/1489782876073775104/Zd7mt8QM_normal.jpg,"Toucan, Regen Network, Kolektivo, KlimaDAO, Citizen DAO","All for Climate DAO, Artizen, Basin DAO, Blood M1n3, Citizen DAO, ClimateDAO , Climate Finance DAO, Xplorer Club. Environment.wiki, Earth.fm, Earthbanc, EarthFund, Endaoment, Giveth, Kolektivo, Longtail Financial, OpSci, Protein Community, ReFi DAO, Return Protocol, Sovereign Nature Initiative, Geo Web, VitaDAO, MOONJELLY, Project Ark, WellnessDAO"
58,1397085271108120576,Ecorise,ecorisedao,http://pbs.twimg.com/profile_images/1467220224143331330/uKgUEXym_normal.jpg,"Dream DAO, Carbon Collectible NFTs, ClimateDAO , MOONJELLY, senken, Spark Eco, Gitcoin, Celo, EarthFund, All for Climate DAO, Solid World DAO, ixo, Return Protocol, ReFi DAO, The Eden Dao, Open Forest Protocol , KlimaDAO, Basin DAO, Regen Network, LOA Labs","Aera Force, All for Climate DAO, AntidoteDAO, Avano, Basin DAO, Blood M1n3, Bloomeria, Carbon Captors , Carbon Collectible NFTs, ClimateDAO , Xplorer Club. Environment.wiki, dClimate, EarthFund, ixo, Kokonut Network, LOA Labs, Open Forest Protocol , Bloom Network, ReFi DAO, Return Protocol, senken, Solid World DAO, Spark Eco, MOONJELLY"
59,1470221395401584642,Ed3DAO / Ed3 Educators,ed3dao,http://pbs.twimg.com/profile_images/1521883224905076737/kRuZHb_R_normal.jpg,,voizdao
60,4143371861,elimu.ai Community üë©üèΩ‚ÄçüöÄ,elimu_ai,http://pbs.twimg.com/profile_images/1105890174431563776/_0ydZcq2_normal.png,"Popcorn Network, UNICEF CryptoFund",
61,1179549886003339264,Endaoment,endaomentdotorg,http://pbs.twimg.com/profile_images/1506341255952838658/o_KMyZrv_normal.png,"PactDAO, Future Foundation, Ecodao, KlimaDAO, The Eden Dao, Gitcoin, AcreDAOS, Giveth, GitcoinDAO, she256, Kleros, Meta Gamma Delta DAO , Giving Block, Proof of Humanity, DoinGud, Thirsty Thirsty, Celo, Socialstack","AcreDAOS, AntidoteDAO, Citizen DAO, DoinGud, EarthFund, Foresight Institute DAO, Give Safely, Impact, Longtail Financial, Future Foundation, she256, Spark Eco, Giving Block, Thirsty Thirsty, Socialstack"
62,900704959049682946,EthicHub,ethichub,http://pbs.twimg.com/profile_images/1409739327735799808/3PgWB9jI_normal.jpg,"DoinGud, ReFi DAO, Celo, Regen Network, Giveth, DeveloperDAO, Cosmos","All for Climate DAO, Blood M1n3, Celo, Giveth, Kolektivo, LOA Labs, Longtail Financial, Mercy Corps Ventures FinX, Solid World DAO, Sovereign Nature Initiative, Thirsty Thirsty"
63,1375109555525451784,ETH Puerto Rico DAO,ethprdao,http://pbs.twimg.com/profile_images/1375109755824447489/O15M9cdV_normal.png,"Giveth, Proof of Humanity, Curve Labs, Kolektivo, PrimeDAO","1Hive Gardens, Kokonut Network"
64,1314178787496558593,EthStaker,ethstaker,http://pbs.twimg.com/profile_images/1529531277564850177/YZfN46Vp_normal.jpg,,Edible Burners
65,1087282265774669824,ForeFront,forefront__,http://pbs.twimg.com/profile_images/1293402536427139072/N2kir6jx_normal.jpg,Cabin,"_slow_crypto - Fabrics of Reality, Citizen DAO, Cabin, DeveloperDAO, EarthFund, Gitcoin, Planetary Resilience DAO, Kokonut Network, Longtail Financial, Meta Gamma Delta DAO , Future Foundation, PrimeDAO, Protein Community, Surge Women, Thirsty Thirsty"
66,260394566,Foresight Institute DAO,foresightinst,http://pbs.twimg.com/profile_images/1516264107468414976/ce0QvEJu_normal.jpg,"Kleros, Atoms, LabDAO, Molecule, OpSci, GitcoinDAO, Endaoment, VitaDAO, DoinGud, BioDAO","AntidoteDAO, Planetary Resilience DAO, LabDAO, Lynx, Molecule, OpSci, PrimeDAO, VitaDAO"
67,930478984260997120,Gain Forest,gainforestnow,http://pbs.twimg.com/profile_images/1284054028234772480/4CFuaH4Z_normal.png,Project Ark,"Avano, Blockchain for Climate foundation, Kokonut Network, LOA Labs, Project Ark"
68,1421237328719360010,1Hive Gardens,gardensdao,http://pbs.twimg.com/profile_images/1479201973362577408/QreY0Mgx_normal.png,"ETH Puerto Rico DAO, TEC, Giveth, 1Hive","0xdaoApe, 1Hive, Citizen DAO, EarthFund, Giveth, Longtail Financial, OpSci, Panvala, Protein Community, Spark Eco, TEC, voizdao"
69,1467028143697444864,GenomesDAO,genomesio,http://abs.twimg.com/sticky/default_profile_images/default_profile_normal.png,,
70,856446453157376003,GitcoinDAO,gitcoin,http://pbs.twimg.com/profile_images/1461700151383400450/3Kwlnvl__normal.png,"Regen Network, Celo, Panvala, Tip Party, Protein Community, Gitcoin, Kernel, Giveth, Cosmos","0xdaoApe, 1Hive, All for Climate DAO, AntidoteDAO, Ants-review, Artizen, Astral Protocol, Basin DAO, Blood M1n3, Bloomeria, Carbon Captors , Celo, Cherubs DAO, Circonomy, Citizen DAO, Climate Finance DAO, Xplorer Club. Environment.wiki, Code4rena, Cohere, Cosmos, Curve Labs, DeveloperDAO, DoinGud, Earth.fm, Earthbanc, EarthFund, Endaoment, Foresight Institute DAO, Gitcoin, Giveth, Global Unity, Gr√ºenDAO, Impact, Planetary Resilience DAO, Kernel, Longtail Financial, Menthol Protocol, Meta Gamma Delta DAO , Molecule, Tip Party, Open Earth Foundation, Open Forest Protocol , OpSci, Bloom Network, Future Foundation, Panvala, PrimeDAO, Proof of Humanity, Protein Community, Public Good School, ReFi DAO, Return Protocol, Ribon, SolidarityCard, Sovereign Nature Initiative, Spark Eco, Storc, Surge Women, TEC, Geo Web, Giving Block, Toucan, Treejer, VitaDAO, MOONJELLY"
71,1389223427635089413,Gitcoin,gitcoindao,http://pbs.twimg.com/profile_images/1461730414146564100/BtBfgjFa_normal.jpg,"DoinGud, 1Hive, ClimateDAO , KlimaDAO, Panvala, Dream DAO, All for Climate DAO, DeveloperDAO, PrimeDAO, Toucan, ForeFront, Tip Party, GitcoinDAO","Grow Your Own Cloud, _slow_crypto - Fabrics of Reality, 0xdaoApe, Blood M1n3, Carbon Captors , Cheerbot, Citizen DAO, ClimateDAO , Climate Finance DAO, Xplorer Club. Environment.wiki, DeveloperDAO, DoinGud, Earthbanc, EarthFund, Ecorise, Endaoment, GitcoinDAO, Giveth, Gr√ºenDAO, Kokonut Network, Longtail Financial, Menthol Protocol, Tip Party, Open Forest Protocol , PR1S0N Art, PrimeDAO, Protein Community, Public Good School, SolidarityCard, Solid World DAO, Spark Eco, TEC, Geo Web, UltraSound Merch Supply Chain, VitaDAO, voizdao"
72,968272857741471744,Give Crypto,givecrypto,http://pbs.twimg.com/profile_images/1012076844659757057/h_V_oaoG_normal.jpg,,"Giveth, Planetary Resilience DAO, Leyline"
73,1192105126028292096,Give Safely,givesafely,http://pbs.twimg.com/profile_images/1456617919882858497/X05a_MDX_normal.png,"Endaoment, Future Foundation, DoinGud, Giving Block",AntidoteDAO
74,798810763586478080,Giveth,givethio,http://pbs.twimg.com/profile_images/1440344140609294348/5dWIUeGd_normal.jpg,"Toucan, ReFi DAO, MOONJELLY, voizdao, Cherubs DAO, Popcorn Network, Ecodao, 0xdaoApe, Gitcoin, Impact, 1Hive Gardens, Kernel, Meta Gamma Delta DAO , PrimeDAO, Panvala, Kolektivo, EthicHub, GitcoinDAO, 1Hive, Proof of Humanity, Geo Web, DoinGud, Regen Network, Longtail Financial, Bloomeria, Giving Block, Give Crypto, ixo, Molecule, TEC, Bloom Network, Grassroots Economics","0xdaoApe, AcreDAOS, All for Climate DAO, Avano, Blockchain for Climate foundation, Blood M1n3, Bloomeria, Cherubs DAO, Citizen DAO, DoinGud, Earth.fm, Endaoment, EthicHub, ETH Puerto Rico DAO, 1Hive Gardens, GitcoinDAO, Impact, Kleros, Kokonut Network, Kolektivo, Longtail Financial, Meta Gamma Delta DAO , Molecule, Proof of Meditation , Bloom Network, Future Foundation, Panvala, PrimeDAO, Protein Community, Regen Network, SolidarityCard, Spark Eco, TEC, Geo Web, Giving Block, Toucan, VitaDAO, voizdao, MOONJELLY"
75,1258598055672250369,Global Unity,globalunityorg,http://pbs.twimg.com/profile_images/1258598799104147458/MHRV9sdf_normal.jpg,"Dream DAO, GitcoinDAO",
76,1279207125701390337,Goldfinch,goldfinch_fi,http://pbs.twimg.com/profile_images/1297172195664437248/pc1EXI0M_normal.png,,Mercy Corps Ventures FinX
77,3044819057,Grassroots Economics,grassecon,http://pbs.twimg.com/profile_images/1522094260916559874/z6pGAL9-_normal.jpg,,"Citizen DAO, Earthbanc, EarthFund, Giveth, ixo, Kernel, Kokonut Network, Kolektivo, Longtail Financial, Bloom Network, Panvala, ReFi DAO, Return Protocol"
78,1463443931761315847,GreenClimateDAO,greenclimatedao,http://pbs.twimg.com/profile_images/1508832032322895878/hRtw4eTD_normal.jpg,Open Forest Protocol ,Carbon Collectible NFTs
79,1495671703179247619,Gr√ºenDAO,gruendao,http://pbs.twimg.com/profile_images/1495693727687671811/e3Zf630d_normal.jpg,"dClimate, ReFi DAO, The Eden Dao, ClimateDAO , GitcoinDAO, Gitcoin, All for Climate DAO, Toucan, KlimaDAO, Solid World DAO","Carbon Collectible NFTs, LOA Labs, Menthol Protocol, PrimeDAO, ReFi DAO, Solid World DAO"
80,1316387922900389888,Haon Earth ,haonearth,http://pbs.twimg.com/profile_images/1523973061699153922/zHVX-dUI_normal.jpg,,
81,1298256072008851456,HumanDAO,humandao,http://pbs.twimg.com/profile_images/1486566824414257153/DXadf9Sv_normal.jpg,"Regen Network, KlimaDAO","AntidoteDAO, Earth.fm, Kokonut Network, Protein Community"
82,1449797270367440899,Impact,impact_xyz,http://pbs.twimg.com/profile_images/1454936406501982214/io-yy6DB_normal.jpg,"Toucan, Project Ark, Citizen DAO, Angel Protocol, Carbon Collectible NFTs, GitcoinDAO, Dream DAO, Giveth, Endaoment, DoinGud, Giving Block","AcreDAOS, AntidoteDAO, Cherubs DAO, Citizen DAO, Giveth, Giving Block, Project Ark"
83,1485754008580943872,impactMarket,ipctmarket,http://pbs.twimg.com/profile_images/1526378657412894720/uRTMIy-J_normal.jpg,,
84,895384153134440449,ixo,ixoworld,http://pbs.twimg.com/profile_images/1457293969801482241/78AXqR-5_normal.jpg,"Menthol Protocol, Dream DAO, Return Protocol, ReFi DAO, Ecorise, Spark Eco, All for Climate DAO, Pozzle Planet, Solid World DAO, Basin DAO, Kolektivo, KlimaDAO, Angel Protocol, Aera Force, Regen Network, LOA Labs, Molecule, Cosmos, Blockchain for Climate foundation, Grassroots Economics, Curve Labs","All for Climate DAO, AntidoteDAO, Basin DAO, Blockchain for Climate foundation, Blood M1n3, Carbon Collectible NFTs, Xplorer Club. Environment.wiki, Cosmos, Curve Labs, Ecorise, Giveth, Planetary Resilience DAO, Kolektivo, LOA Labs, Molecule, ReFi DAO, Regen Network, Return Protocol, Solid World DAO, Spark Eco, voizdao, MOONJELLY, Project Ark"
85,542591255,Planetary Resilience DAO,jessezondervan,http://pbs.twimg.com/profile_images/1442221827372331008/bDdtfhxI_normal.jpg,"ForeFront, Astral Protocol, LabDAO, KlimaDAO, Kolektivo, Blockchain for Climate foundation, OCEAN Protocol, OpSci, Kernel, Regen Network, Cabin, ixo, Ants-review, VitaDAO, she256, GitcoinDAO, PsyDAO, Therapoid, Foresight Institute DAO, Give Crypto, Molecule","Ants-review, Blockchain for Climate foundation"
86,1497131874161868802,katalyst.earth,katalystearth,http://pbs.twimg.com/profile_images/1524929400953012224/HOkZLv5j_normal.jpg,"dClimate, Regen Network, Celo, senken, Return Protocol, LOA Labs, ClimateDAO , Bloomeria, EarthFund, All for Climate DAO, Basin DAO, KlimaDAO, Avano, Toucan, ReFi DAO, NFTree Haus","Avano, EarthFund, Kokonut Network, Solid World DAO"
87,1312116381157134338,Kernel,kernel0x,http://pbs.twimg.com/profile_images/1370056971592757248/-aY-VlJK_normal.jpg,"Surge Women, Regen Network, Toucan, DoinGud, Protein Community, Meta Gamma Delta DAO , she256, GitcoinDAO, PR1S0N Art, Grassroots Economics","_slow_crypto - Fabrics of Reality, Ants-review, Astral Protocol, Blood M1n3, Bloomeria, Carbon Captors , ClimateDAO , Cabin, DoinGud, Earthbanc, GitcoinDAO, Giveth, Planetary Resilience DAO, Kokonut Network, Longtail Financial, Meta Gamma Delta DAO , OpSci, PR1S0N Art, PrimeDAO, Protein Community, ReFi DAO, Return Protocol, SolidarityCard, Spark Eco, Surge Women, Geo Web, Toucan, VitaDAO"
88,897536642159972352,Kleros,kleros_io,http://pbs.twimg.com/profile_images/897538206287179777/lRmXoLeB_normal.jpg,"Proof of Humanity, Giveth","0xdaoApe, Artizen, Bloomeria, Endaoment, Foresight Institute DAO, Molecule, PrimeDAO, Proof of Integrity, Proof of Humanity, Protein Community, SolidarityCard"
89,1400139779480731651,KlimaDAO,klimadao,http://pbs.twimg.com/profile_images/1478155147649953799/7hlpmj4N_normal.jpg,Toucan,"0xdaoApe, AcreDAOS, Aera Force, All for Climate DAO, AntidoteDAO, Artizen, Astral Protocol, Basin DAO, Blockchain for Climate foundation, Blood M1n3, Bloomeria, Carbon Captors , Citizen DAO, ClimateDAO , Clime DAO, Xplorer Club. Environment.wiki, Cool Points Club, Cabin, DeveloperDAO, Diatom DAO, Earthbanc, EarthFund, Ecodao, Ecorise, Endaoment, Gitcoin, Gr√ºenDAO, HumanDAO, ixo, Planetary Resilience DAO, katalyst.earth, Kokonut Network, LOA Labs, Longtail Financial, Menthol Protocol, Molecule, Open Earth Foundation, Open Forest Protocol , Panvala, PrimeDAO, Protein Community, ReFi DAO, Regen Network, Return Protocol, senken, Solid World DAO, Sovereign Nature Initiative, Spark Eco, Thirsty Thirsty, Toucan, Socialstack, VitaDAO, voizdao, MOONJELLY, Project Ark"
90,1428867653687459843,Kokonut Network,kokonutnetwork,http://pbs.twimg.com/profile_images/1491193466893836291/tyGH_soe_normal.jpg,"AntidoteDAO, Proof of Humanity, katalyst.earth, Earthbanc, Cohere, Aquari, AcreDAOS, LOA Labs, ETH Puerto Rico DAO, The Eden Dao, Avano, All for Climate DAO, ReFi DAO, Return Protocol, Carbon Captors , Sovereign Nature Initiative, senken, ClimateDAO , Kernel, Nori, MOONJELLY, Open Earth Foundation, KlimaDAO, 1Hive, Kolektivo, Gitcoin, DeveloperDAO, Basin DAO, Solid World DAO, Ecorise, Kumo Earth, Pozzle Planet, Open Forest Protocol , EarthFund, Diatom DAO, Giveth, Popcorn Network, ForeFront, Celo, Regen Network, HumanDAO, dClimate, Bloomeria, Toucan, Project Ark, Panvala, Carbon Collectible NFTs, Cabin, Meta Gamma Delta DAO , Parcel.money, Astral Protocol, VitaDAO, Blockchain for Climate foundation, Grassroots Economics, Curve Labs, Treejer, Gain Forest, PrimeDAO","AcreDAOS, Avano, Carbon Collectible NFTs, LOA Labs, Solid World DAO"
91,1143047629246521346,Kolektivo,kolektivo,http://pbs.twimg.com/profile_images/1527245286250250240/c1RTFDkW_normal.jpg,"Celo, ReFi DAO, Ecodao, Astral Protocol, Treejer, Toucan, DoinGud, ixo, EthicHub, Regen Network, 1Hive, PrimeDAO, Bloom Network, Panvala, Giveth, Grassroots Economics, Curve Labs","All for Climate DAO, Avano, Blood M1n3, Celo, Circonomy, Citizen DAO, Curve Labs, Ecodao, ETH Puerto Rico DAO, Giveth, ixo, Planetary Resilience DAO, Kokonut Network, LOA Labs, Open Forest Protocol , Bloom Network, Panvala, PrimeDAO, Protein Community, ReFi DAO, Return Protocol, Spark Eco, TEC, Geo Web, Toucan, Treejer, VitaDAO, MOONJELLY"
92,1479829555363917831,Kumo Earth,kumo_dao,http://pbs.twimg.com/profile_images/1483701117632528385/cT_EA2SQ_normal.jpg,,"Carbon Captors , Kokonut Network, LOA Labs, ReFi DAO, senken"
93,1459210292307632130,LabDAO,lab_dao,http://pbs.twimg.com/profile_images/1492164455840423940/uSPUItUM_normal.jpg,"Molecule, VitaDAO, OpSci, DeveloperDAO, Foresight Institute DAO, PsyDAO","AntidoteDAO, Ants-review, BioDAO, Citizen DAO, Curve Labs, Foresight Institute DAO, Planetary Resilience DAO, Lynx, Molecule, OpSci, VitaDAO"
94,1316165327772762112,Leyline,leylinenp,http://pbs.twimg.com/profile_images/1417107314885074952/inpL5nPO_normal.jpg,"Project Ark, Angel Protocol, Give Crypto","_slow_crypto - Fabrics of Reality, Geo Web"
95,1438261304381214720,LOA Labs,loa_labs,http://pbs.twimg.com/profile_images/1469211321082126336/DqzqzjaP_normal.jpg,"Menthol Protocol, Earthbanc, PrimeDAO, Kokonut Network, Clime DAO, EthicHub, All for Climate DAO, Carbon Captors , Kumo Earth, ClimateDAO , Gr√ºenDAO, Open Forest Protocol , The Eden Dao, Aera Force, Solid World DAO, NFTree Haus, Earthcoin, Sovereign Nature Initiative, Kolektivo, Nori, KlimaDAO, Open Earth Foundation, Citizen DAO, Aquari, Basin DAO, Ecorise, Avano, Return Protocol, Brokoli, Celo, Regen Network, Toucan, ReFi DAO, AcreDAOS, ixo, Cosmos, TEC, Blockchain for Climate foundation, Curve Labs, Treejer, Gain Forest","AntidoteDAO, Avano, Basin DAO, Blood M1n3, Bloomeria, Carbon Captors , Citizen DAO, Clime DAO, Xplorer Club. Environment.wiki, Earth.fm, Earthbanc, EarthFund, Ecorise, ixo, katalyst.earth, Kokonut Network, Menthol Protocol, Open Forest Protocol , PrimeDAO, ReFi DAO, Regen Network, Return Protocol, Solid World DAO, Sovereign Nature Initiative, Spark Eco"
96,1480681021188182024,Lonely Rocks,lonelyrocksdao,http://pbs.twimg.com/profile_images/1531744726927388672/_JylZX-M_normal.jpg,,
97,1199433426136268800,Longtail Financial,longtailfintech,http://pbs.twimg.com/profile_images/1448425192611479555/8_VK3mwZ_normal.jpg,"Toucan, Ecodao, ClimateDAO , Panvala, Basin DAO, DeveloperDAO, All for Climate DAO, DoinGud, KlimaDAO, Giveth, 1Hive Gardens, Crypto Culture and Society, Gitcoin, Sovereign Nature Initiative, EthicHub, PrimeDAO, Kernel, GitcoinDAO, 1Hive, ForeFront, Celo, Regen Network, Endaoment, OCEAN Protocol, TEC, Grassroots Economics, Curve Labs","0xdaoApe, Basin DAO, Giveth, PrimeDAO, ReFi DAO, Regen Network, Solid World DAO, Sovereign Nature Initiative, TEC"
98,1477896500806295553,Lynx,lynx_technology,http://pbs.twimg.com/profile_images/1502309313762803719/PMmuj74D_normal.jpg,"Molecule, Meta Gamma Delta DAO , OCEAN Protocol, LabDAO, VitaDAO, OpSci, Foresight Institute DAO","Ants-review, Meta Gamma Delta DAO , Molecule, OCEAN Protocol, OpSci, VitaDAO"
99,710890642780499969,Mercy Corps Ventures FinX,mcsocialventure,http://pbs.twimg.com/profile_images/1435274463717871620/qNE1kP0a_normal.jpg,"Regen Network, Curve Labs, EthicHub, Toucan, Basin DAO, ReFi DAO, Celo, Goldfinch","Celo, ClimateDAO , PrimeDAO"
100,1402925484099440640,Menthol Protocol,mentholprotocol,http://pbs.twimg.com/profile_images/1443546246728323078/Y5cMaToi_normal.jpg,"Curve Labs, Celo, Dream DAO, LOA Labs, Carbon Collectible NFTs, Gr√ºenDAO, Nori, All for Climate DAO, Open Forest Protocol , Climate Finance DAO, ClimateDAO , GitcoinDAO, Gitcoin, EarthFund, Carbon Captors , Avano, ReFi DAO, KlimaDAO, Diatom DAO, The Eden Dao, Solid World DAO, Return Protocol, Regen Network, dClimate, Toucan, Protein Community","Avano, Carbon Captors , Carbon Collectible NFTs, EarthFund, ixo, LOA Labs, ReFi DAO, Return Protocol, Solid World DAO"
101,1228861748741935104,Meta Gamma Delta DAO ,metagammadelta,http://pbs.twimg.com/profile_images/1501324066619224064/S0iRdGzQ_normal.jpg,"Surge Women, Lynx, PrimeDAO, ForeFront, Giveth, GitcoinDAO, Kernel, Panvala","AntidoteDAO, Ants-review, Bloomeria, Endaoment, Giveth, Kernel, Kokonut Network, Lynx, Molecule, Bloom Network, Panvala, PR1S0N Art, PrimeDAO, Toucan"
102,1475246097249542152,MITCoin,mitcoinprotocol,http://pbs.twimg.com/profile_images/1475421503621455874/Fk33wlgU_normal.jpg,,
103,981035585933627392,Molecule,molecule_dao,http://pbs.twimg.com/profile_images/1509626029773623316/HdZ-NvkM_normal.jpg,"Nectar Protocol, Lynx, Atoms, OpenAccessDAO, Surge Women, LabDAO, Ants-review, KlimaDAO, OpSci, Meta Gamma Delta DAO , GitcoinDAO, VitaDAO, ixo, PsyDAO, Giveth, Therapoid, Foresight Institute DAO, UNICEF CryptoFund, Kleros, Curve Labs","Grow Your Own Cloud, AntidoteDAO, Ants-review, Cherubs DAO, Citizen DAO, Curve Labs, Foresight Institute DAO, Giveth, ixo, Planetary Resilience DAO, LabDAO, Lynx, Molecule, OpSci, Protein Community, VitaDAO"
104,1427320063137308675,Molecule,molecule_to,http://pbs.twimg.com/profile_images/1480431311433179138/IwWHo372_normal.jpg,Molecule,VitaDAO
105,2848268970,Montaia,montaialife,http://pbs.twimg.com/profile_images/917223750113697792/eMJPsqaw_normal.jpg,,
106,1433871956173115395,Tip Party,moonshotcollect,http://pbs.twimg.com/profile_images/1471546323317010440/q2X940i4_normal.jpg,"TEC, PrimeDAO, GitcoinDAO, Gitcoin, DeveloperDAO","Cheerbot, Citizen DAO, Climate Finance DAO, Xplorer Club. Environment.wiki, DeveloperDAO, Earthbanc, GitcoinDAO, Gitcoin, PrimeDAO, SolidarityCard, TEC, Geo Web, VitaDAO"
107,1076879940803592196,Natives in Tech,nativesintech,http://pbs.twimg.com/profile_images/1370457604896526339/fnICzLHE_normal.jpg,,Thirsty Thirsty
108,1431364626177003520,Nectar Protocol,nectarprotocol,http://pbs.twimg.com/profile_images/1448800639308509185/xjae91MB_normal.jpg,,"Blood M1n3, Molecule"
109,79387828,New Atlantis,newatlantis,http://pbs.twimg.com/profile_images/1158711752/icon12887771878109_normal.jpg,,
110,1475917660319739905,NFTree Haus,nftreehaus,http://pbs.twimg.com/profile_images/1478588578380726273/iVHiGbiB_normal.jpg,"Citizen DAO, Return Protocol, ReFi DAO, Regen Network, The Eden Dao, DoinGud, Avano, EarthFund","Avano, Citizen DAO, EarthFund, katalyst.earth, LOA Labs, ReFi DAO, Return Protocol"
111,928691337200676864,Nori,nori,http://pbs.twimg.com/profile_images/1490772408755634177/xu0QpGfG_normal.jpg,"Regen Network, Blockchain for Climate foundation, Carbon Captors ","All for Climate DAO, Avano, Blockchain for Climate foundation, Carbon Captors , Climate Finance DAO, Earth.fm, Kokonut Network, LOA Labs, Menthol Protocol, Open Forest Protocol , ReFi DAO, Regen Network, Return Protocol, Solid World DAO, Toucan"
112,1438244505405165568,OAK,oakcurrency,http://pbs.twimg.com/profile_images/1525245244232544256/fcaoC8BK_normal.jpg,,
113,1397456391875538944,OCEAN Protocol,oceandao_,http://pbs.twimg.com/profile_images/1403113745551925249/uDnhMK0J_normal.jpg,"VitaDAO, OpSci, Lynx","Citizen DAO, Planetary Resilience DAO, Longtail Financial, Lynx, OpSci, VitaDAO"
114,1495480836547923968,Proof of Meditation ,om_proof,http://pbs.twimg.com/profile_images/1495483029057421317/i4pOW9I2_normal.jpg,Giveth,
115,1322883611306151940,Open Earth Foundation,open__earth,http://pbs.twimg.com/profile_images/1503408762685698052/wNnuLV31_normal.jpg,"Climate Finance DAO, ReFi DAO, ClimateDAO , Earthcoin, Protein Community, GitcoinDAO, All for Climate DAO, Toucan, Regen Network, Giving Block, KlimaDAO, Blockchain for Climate foundation, DoinGud","Blockchain for Climate foundation, Climate Finance DAO, DoinGud, Kokonut Network, LOA Labs, Bloom Network, Project Ark"
116,1463105102210682883,OpenAccessDAO,openaccessdao,http://pbs.twimg.com/profile_images/1468371149729927171/GsKVA0vr_normal.jpg,VitaDAO,"Molecule, OpSci, PeopleDAO, VitaDAO"
117,1379332784121073672,Open Forest Protocol ,openforest_,http://pbs.twimg.com/profile_images/1501195924768534528/0QgebLXH_normal.jpg,"Celo, Curve Labs, Kolektivo, Astral Protocol, senken, LOA Labs, Solid World DAO, Basin DAO, Ecorise, Avano, Gitcoin, Sovereign Nature Initiative, ReFi DAO, ClimateDAO , Pozzle Planet, Toucan, KlimaDAO, GitcoinDAO, Nori, Regen Network, dClimate","AcreDAOS, All for Climate DAO, AntidoteDAO, Astral Protocol, Avano, Blood M1n3, Bloomeria, Carbon Captors , Carbon Collectible NFTs, Citizen DAO, ClimateDAO , Xplorer Club. Environment.wiki, Curve Labs, dClimate, Earth.fm, EarthFund, Ecorise, GreenClimateDAO, Kokonut Network, LOA Labs, Menthol Protocol, ReFi DAO, Return Protocol, senken, Solid World DAO, Sovereign Nature Initiative, Spark Eco, Treejer, MOONJELLY, Project Ark"
118,3042992050,Therapoid,opentherapeutic,http://pbs.twimg.com/profile_images/1333840579361378307/-rQ2dJPO_normal.jpg,,"Planetary Resilience DAO, Molecule"
119,1356457660804079618,OpSci,opscientia,http://pbs.twimg.com/profile_images/1515915555919863810/fmO7POI0_normal.jpg,"AntidoteDAO, Regen Network, LabDAO, Lynx, VitaDAO, Molecule, OpenAccessDAO, Surge Women, Ecodao, GitcoinDAO, 1Hive Gardens, she256, PR1S0N Art, Kernel, Ants-review, PsyDAO, BioDAO, Foresight Institute DAO, OCEAN Protocol, Parcel.money, Atoms","AntidoteDAO, Ants-review, BioDAO, Foresight Institute DAO, Planetary Resilience DAO, LabDAO, Lynx, Molecule, OCEAN Protocol, PR1S0N Art, VitaDAO"
120,703497835,Bloom Network,ourbloomnetwork,http://pbs.twimg.com/profile_images/1235620460685144064/1JdpOTwL_normal.jpg,"Ecorise, ReFi DAO, Cohere, MOONJELLY, Open Earth Foundation, Spark Eco, Solid World DAO, Avano, EarthFund, The Eden Dao, Toucan, All for Climate DAO, AcreDAOS, Aera Force, Sovereign Nature Initiative, Panvala, GitcoinDAO, Kolektivo, Meta Gamma Delta DAO , Basin DAO, Giveth, DoinGud, Converge, Bloomeria, Climate Finance DAO, TEC, Astral Protocol, Grassroots Economics, Dream DAO, Curve Labs","All for Climate DAO, Astral Protocol, Avano, Basin DAO, Bloomeria, Climate Finance DAO, Giveth, Kolektivo, Panvala, PR1S0N Art, ReFi DAO, Return Protocol, Solid World DAO, Spark Eco, TEC"
121,1416824727063044097,Future Foundation,ourfuturefdn,http://pbs.twimg.com/profile_images/1454550351365869571/uYcZtxPj_normal.jpg,"Endaoment, Cherubs DAO, Return Protocol, GitcoinDAO, ReFi DAO, ClimateDAO , AntidoteDAO, Giveth, EarthFund, DeveloperDAO, Citizen DAO, Pozzle Planet, Angel Protocol, Dream DAO, ForeFront","All for Climate DAO, Angel Protocol, AntidoteDAO, Blood M1n3, Carbon Captors , Cherubs DAO, Citizen DAO, ClimateDAO , DeveloperDAO, EarthFund, Endaoment, Give Safely, Protein Community, senken, MOONJELLY"
122,1257134622783287296,PactDAO,pactdao,http://pbs.twimg.com/profile_images/1455023492064219136/vDVwQax0_normal.jpg,LaborDAO,"Citizen DAO, ClimateDAO , Endaoment, PR1S0N Art, ReFi DAO, LaborDAO"
123,1016099988517081089,Panvala,panvalahq,http://pbs.twimg.com/profile_images/1432945984150155264/U3XNtqRo_normal.jpg,"Toucan, ReFi DAO, 1Hive, KlimaDAO, PrimeDAO, Giveth, DoinGud, Giving Block, Kolektivo, Meta Gamma Delta DAO , 1Hive Gardens, Bloom Network, GitcoinDAO, Grassroots Economics","AYOWECCA, Bloomeria, DoinGud, GitcoinDAO, Gitcoin, Giveth, Kokonut Network, Kolektivo, Longtail Financial, Meta Gamma Delta DAO , Bloom Network, PrimeDAO, Spark Eco, TEC, Geo Web, Giving Block"
124,1493348606539186180,ParadigmStates+,paradigmstates,http://pbs.twimg.com/profile_images/1493722080520585217/AgiIfPwX_normal.jpg,Crypto Culture and Society,
125,1271569631543779328,Parcel.money,parcelhq,http://pbs.twimg.com/profile_images/1495678950235725824/F5vbYU64_normal.jpg,VitaDAO,"Ants-review, Code4rena, Kokonut Network, OpSci, Protein Community, ReFi DAO"
126,1354998647373631491,PizzaDAO,pizza_dao,http://pbs.twimg.com/profile_images/1515442094109863936/d_5sTA7U_normal.jpg,,"Edible Burners, ClimateDAO , PrimeDAO, PeopleDAO, Project Ark"
127,1366906648204353538,Popcorn Network,popcorn_dao,http://pbs.twimg.com/profile_images/1511703924146847757/7JVLOXNq_normal.jpg,,"AntidoteDAO, Basin DAO, Carbon Collectible NFTs, Citizen DAO, Climate Finance DAO, Clime DAO, Earthbanc, EarthFund, elimu.ai Community üë©üèΩ‚ÄçüöÄ, Giveth, Kokonut Network, Protein Community, Regen Network, Return Protocol, TEC, Toucan, Project Ark"
128,1440469367905390599,Pozzle Planet,pozzleplanet,http://pbs.twimg.com/profile_images/1528610855511728128/87V-ZWOm_normal.jpg,,"ixo, Kokonut Network, Open Forest Protocol , Future Foundation, Protein Community, ReFi DAO, Solid World DAO, Sovereign Nature Initiative, MOONJELLY"
129,1395776239231766539,PR1S0N Art,pr1s0nart,http://pbs.twimg.com/profile_images/1500890212892819464/J6BhVCFT_normal.jpg,"Curve Labs, PactDAO, ClimateDAO , Toucan, Astral Protocol, Gitcoin, Solid World DAO, OpSci, Ants-review, Kernel, Meta Gamma Delta DAO , Bloom Network, Cosmos","Astral Protocol, Kernel, OpSci, Solid World DAO"
130,1280797106886901761,PrimeDAO,primedao_,http://pbs.twimg.com/profile_images/1399376178453090305/RJD82RrV_normal.jpg,"LOA Labs, AcreDAOS, Code4rena, Gr√ºenDAO, voizdao, PizzaDAO, Bloomeria, Solid World DAO, Return Protocol, Kernel, Toucan, Mercy Corps Ventures FinX, ReFi DAO, Aera Force, VitaDAO, The Eden Dao, GitcoinDAO, Tip Party, KlimaDAO, Kolektivo, 1Hive, Gitcoin, Giveth, ForeFront, Grow Your Own Cloud, Celo, Socialstack, Regen Network, Foresight Institute DAO, Longtail Financial, Panvala, Meta Gamma Delta DAO , TEC, Protein Community, Astral Protocol, Kleros, Dream DAO, Curve Labs","0xdaoApe, AntidoteDAO, Celo, Citizen DAO, ClimateDAO , Climate Finance DAO, Curve Labs, DeveloperDAO, Earthbanc, ETH Puerto Rico DAO, Gitcoin, Giveth, Kokonut Network, Kolektivo, LOA Labs, Longtail Financial, Meta Gamma Delta DAO , Tip Party, Panvala, Protein Community, ReFi DAO, Regen Network, Solid World DAO, Sovereign Nature Initiative, Spark Eco, TEC, Toucan, VitaDAO, voizdao, MOONJELLY, Project Ark"
131,1470499744598343683,Proof of Integrity,proof_integrity,http://pbs.twimg.com/profile_images/1479571988326715392/brDTz-ll_normal.jpg,"Kleros, DoinGud, Proof of Humanity, Edible Burners","Edible Burners, Earthbanc, Proof of Humanity"
132,1309423401929449472,Proof of Humanity,proofofhumanity,http://pbs.twimg.com/profile_images/1380603982205321217/EuVE1qKL_normal.jpg,"TEC, Kleros, Proof of Integrity, GitcoinDAO","0xdaoApe, Edible Burners, Artizen, Climate Finance DAO, Earth.fm, EarthFund, Endaoment, ETH Puerto Rico DAO, Giveth, Kleros, Kokonut Network, Proof of Integrity, SolidarityCard"
133,11127012,Protein Community,protein,http://pbs.twimg.com/profile_images/1498963326621175811/-33yvad6_normal.jpg,"Crowdmuse, Ecodao, Carbon Captors , senken, Return Protocol, ReFi DAO, Regen Network, Citizen DAO, Molecule, Dream DAO, The Eden Dao, Angel Protocol, PeopleDAO, Aera Force, Artizen, Kolektivo, 1Hive Gardens, Popcorn Network, Kernel, KlimaDAO, ClimateDAO , GitcoinDAO, 1Hive, Thirsty Thirsty, she256, DeveloperDAO, Gitcoin, All for Climate DAO, Worldcoin, Pozzle Planet, Giveth, DoinGud, ForeFront, Grow Your Own Cloud, Celo, Converge, HumanDAO, Socialstack, Giving Block, Toucan, Cabin, Parcel.money, Cosmos, TEC, Astral Protocol, Surge Women, Future Foundation, Kleros, Crypto Culture and Society, PrimeDAO","Grow Your Own Cloud, Aera Force, Artizen, ClimateDAO , Cabin, DeveloperDAO, GitcoinDAO, Kernel, Menthol Protocol, Open Earth Foundation, PrimeDAO, ReFi DAO, Solid World DAO, Thirsty Thirsty, Toucan, VitaDAO"
134,1445488879801233425,PsyDAO,psydao_,http://pbs.twimg.com/profile_images/1445490915284447247/FkxX31Om_normal.jpg,,"AntidoteDAO, BioDAO, Planetary Resilience DAO, LabDAO, Molecule, OpSci, VitaDAO"
135,1482443678836834316,Public Good School,publicgood_s,http://pbs.twimg.com/profile_images/1482443795438489609/odYydXDD_normal.png,"Crypto Culture and Society, Gitcoin, GitcoinDAO, DeveloperDAO",
136,1466503752379244545,ReFi DAO,refidaoist,http://pbs.twimg.com/profile_images/1495113844108234757/KIz-ugMM_normal.jpg,"Longtail Financial, PrimeDAO, Nori, GitcoinDAO, Gr√ºenDAO, Menthol Protocol, DeveloperDAO, LaborDAO, EarthFund, PactDAO, Socialstack, STAY OPEN + stayDAO, Pozzle Planet, Carbon Captors , Solid World DAO, Kumo Earth, RnDAO, senken, Aera Force, Clime DAO, SuperBenefit, Kolektivo, Cohere, KlimaDAO, MOONJELLY, she256, Crowdmuse, AYOWECCA, Spark Eco, Basin DAO, All for Climate DAO, Kernel, Ecorise, Avano, Open Forest Protocol , DoinGud, Return Protocol, Celo, Regen Network, LOA Labs, Toucan, ClimateDAO , Climate Finance DAO, ixo, AcreDAOS, Cabin, Parcel.money, TEC, Protein Community, Surge Women, The Eden Dao, Ecodao, Bloom Network, Blockchain for Climate foundation, Grassroots Economics, Curve Labs, Treejer, NFTree Haus","AcreDAOS, All for Climate DAO, AntidoteDAO, Avano, Basin DAO, Blood M1n3, Bloomeria, Carbon Captors , Carbon Collectible NFTs, Celo, Circonomy, Citizen DAO, ClimateDAO , Clime DAO, Xplorer Club. Environment.wiki, Cool Points Club, Curve Labs, dClimate, Earthbanc, EarthFund, Ecorise, EthicHub, Giveth, Gr√ºenDAO, ixo, katalyst.earth, Kokonut Network, Kolektivo, LOA Labs, Mercy Corps Ventures FinX, Menthol Protocol, NFTree Haus, Open Earth Foundation, Open Forest Protocol , Bloom Network, Future Foundation, Panvala, PrimeDAO, Protein Community, Regen Network, Return Protocol, senken, Solid World DAO, Sovereign Nature Initiative, Spark Eco, STAY OPEN + stayDAO, Geo Web, Treejer, VitaDAO, MOONJELLY"
137,925006951926390784,Regen Network,regen_network,http://pbs.twimg.com/profile_images/1531703353478066177/8zvqMFY2_normal.png,"Astral Protocol, AcreDAOS, Cohere, Earthcoin, ReFi DAO, Bloomeria, Basin DAO, The Eden Dao, EarthFund, Diatom DAO, Popcorn Network, ClimateDAO , Toucan, Aera Force, PrimeDAO, ixo, KlimaDAO, Nori, she256, Giveth, Celo, Longtail Financial, LOA Labs, Project Ark, Cosmos, TEC, Blockchain for Climate foundation","_slow_crypto - Fabrics of Reality, 0xdaoApe, AcreDAOS, All for Climate DAO, Angel Protocol, AntidoteDAO, Artizen, Astral Protocol, Avano, Basin DAO, Blockchain for Climate foundation, Blood M1n3, Bloomeria, Carbon Captors , Celo, Citizen DAO, ClimateDAO , Climate Finance DAO, Xplorer Club. Environment.wiki, Cosmos, Curve Labs, Earth.fm, Earthbanc, EarthFund, Ecodao, Ecorise, EthicHub, GitcoinDAO, Giveth, HumanDAO, ixo, Planetary Resilience DAO, katalyst.earth, Kernel, Kokonut Network, Kolektivo, LOA Labs, Longtail Financial, Mercy Corps Ventures FinX, Menthol Protocol, NFTree Haus, Nori, Open Earth Foundation, Open Forest Protocol , OpSci, PrimeDAO, Protein Community, ReFi DAO, Return Protocol, senken, Solid World DAO, Sovereign Nature Initiative, Spark Eco, Geo Web, voizdao, MOONJELLY, Project Ark"
138,1486905896223526913,Return Protocol,returnprotocol,http://pbs.twimg.com/profile_images/1486911107763781634/hK1LCOdh_normal.jpg,"Carbon Collectible NFTs, Astral Protocol, Popcorn Network, senken, GitcoinDAO, Spark Eco, Clime DAO, Basin DAO, dClimate, Open Forest Protocol , All for Climate DAO, EarthFund, Cool Points Club, Aera Force, ixo, Solid World DAO, Sovereign Nature Initiative, Kernel, MOONJELLY, Nori, ClimateDAO , The Eden Dao, Kolektivo, KlimaDAO, Ecorise, Avano, Diatom DAO, Celo, Regen Network, Menthol Protocol, LOA Labs, Toucan, AcreDAOS, ReFi DAO, Earthcoin, Bloom Network, Ecodao, Blockchain for Climate foundation, Grassroots Economics, Treejer, NFTree Haus","AcreDAOS, Aera Force, All for Climate DAO, AntidoteDAO, Astral Protocol, Avano, Blood M1n3, Bloomeria, Carbon Captors , Carbon Collectible NFTs, ClimateDAO , Clime DAO, Xplorer Club. Environment.wiki, Cool Points Club, EarthFund, Ecorise, ixo, katalyst.earth, Kokonut Network, LOA Labs, Menthol Protocol, NFTree Haus, Future Foundation, PrimeDAO, Protein Community, ReFi DAO, senken, Solid World DAO, Spark Eco, MOONJELLY"
139,1397929140766928909,Ribon,ribondao,http://pbs.twimg.com/profile_images/1414980075657781253/si45PDXk_normal.jpg,"Celo, VitaDAO, GitcoinDAO",
140,1465870751072985089,HumanRightsDAO,rightsdao,http://pbs.twimg.com/profile_images/1532580431048355840/95GZNls__normal.jpg,,
141,1485963030332649475,senken,senken_io,http://pbs.twimg.com/profile_images/1496099050986385419/NtQ19nrT_normal.jpg,"Curve Labs, Earthbanc, ReFi DAO, Future Foundation, Celo, Treejer, Solid World DAO, Avano, Kumo Earth, Return Protocol, Earth.fm, The Eden Dao, Spark Eco, Aera Force, All for Climate DAO, Open Forest Protocol , KlimaDAO, AYOWECCA, Ecorise, Regen Network, Toucan","Avano, Carbon Captors , ClimateDAO , Earth.fm, Ecorise, katalyst.earth, Kokonut Network, Open Forest Protocol , Protein Community, ReFi DAO, Return Protocol, Solid World DAO, Spark Eco"
142,8546132,ShapeShift DAO,shapeshift_io,http://pbs.twimg.com/profile_images/1514678946897481730/nesO6oOv_normal.jpg,,
143,974504134169608197,she256,she_256,http://pbs.twimg.com/profile_images/1083237948995264512/dndkl5JN_normal.jpg,"Endaoment, UNICEF CryptoFund","Ants-review, Artizen, Blockchain for Climate foundation, Celo, Citizen DAO, DeveloperDAO, Endaoment, Planetary Resilience DAO, Kernel, OpSci, Protein Community, ReFi DAO, Regen Network, Giving Block"
144,1282978407731597314,Earthcoin,solarpunkdao,http://pbs.twimg.com/profile_images/1502968717277540355/tcLNuAGW_normal.jpg,,"All for Climate DAO, Blood M1n3, Carbon Collectible NFTs, Citizen DAO, Clime DAO, Xplorer Club. Environment.wiki, EarthFund, LOA Labs, Open Earth Foundation, Regen Network, Return Protocol, Spark Eco, Toucan"
145,1242354095861751810,SolidarityCard,solcardorg,http://pbs.twimg.com/profile_images/1457895697697619973/KvjphzvC_normal.jpg,"Giveth, Kleros, Kernel, Tip Party, GitcoinDAO, Gitcoin, Proof of Humanity",Circonomy
146,1463495890849705990,Solid World DAO,solidworlddao,http://pbs.twimg.com/profile_images/1489284392992264197/24jk55_T_normal.jpg,"Carbon Collectible NFTs, VitaDAO, Nori, Treejer, Cohere, Curve Labs, katalyst.earth, Pozzle Planet, Sovereign Nature Initiative, Longtail Financial, Clime DAO, PR1S0N Art, Gitcoin, Aera Force, Artizen, All for Climate DAO, Kokonut Network, Gr√ºenDAO, senken, Cool Points Club, Carbon Captors , KlimaDAO, Thirsty Thirsty, Citizen DAO, Blood M1n3, Basin DAO, Ecorise, Avano, EarthFund, Open Forest Protocol , Return Protocol, Regen Network, dClimate, Bloomeria, Menthol Protocol, LOA Labs, Toucan, ClimateDAO , ixo, ReFi DAO, Earthbanc, Protein Community, Surge Women, Xplorer Club. Environment.wiki, Bloom Network, EthicHub, AntidoteDAO, PrimeDAO","AntidoteDAO, Artizen, Avano, Basin DAO, Blood M1n3, Bloomeria, Carbon Captors , Carbon Collectible NFTs, Citizen DAO, ClimateDAO , Clime DAO, Xplorer Club. Environment.wiki, Cool Points Club, dClimate, Earthbanc, EarthFund, Ecorise, Gr√ºenDAO, ixo, Kokonut Network, LOA Labs, Menthol Protocol, Open Forest Protocol , Bloom Network, PR1S0N Art, PrimeDAO, ReFi DAO, Return Protocol, senken"
147,1118806903742763010,Sovereign Nature Initiative,sovereignnature,http://pbs.twimg.com/profile_images/1140680058698383360/1tGYV9Ni_normal.png,"Giving Block, ReFi DAO, EthicHub, TEC, Citizen DAO, Toucan, All for Climate DAO, Astral Protocol, dClimate, KlimaDAO, The Eden Dao, GitcoinDAO, Pozzle Planet, Open Forest Protocol , Ecodao, PrimeDAO, ClimateDAO , Basin DAO, Regen Network, Longtail Financial, LOA Labs, Blockchain for Climate foundation, Curve Labs","Avano, Blockchain for Climate foundation, Blood M1n3, Bloomeria, Circonomy, Citizen DAO, Climate Finance DAO, Curve Labs, Earthbanc, EarthFund, Kokonut Network, LOA Labs, Longtail Financial, Open Forest Protocol , Bloom Network, Return Protocol, Solid World DAO, Toucan, VitaDAO"
148,1387598228548427781,Spark Eco,spark_eco,http://pbs.twimg.com/profile_images/1469331578220388362/iIJKpz5t_normal.jpg,"Ecorise, Panvala, Kernel, senken, Earthcoin, Gitcoin, ixo, LOA Labs, Return Protocol, Diatom DAO, Basin DAO, 1Hive Gardens, PrimeDAO, Kolektivo, Cabin, Open Forest Protocol , GitcoinDAO, ClimateDAO , The Eden Dao, MOONJELLY, KlimaDAO, 1Hive, All for Climate DAO, Avano, EarthFund, Giveth, Celo, Regen Network, Endaoment, Toucan, ReFi DAO, TEC, Bloom Network, Dream DAO","All for Climate DAO, Avano, AYOWECCA, Blood M1n3, Citizen DAO, ClimateDAO , Earth.fm, EarthFund, Ecorise, ixo, Bloom Network, ReFi DAO, Return Protocol, senken"
149,1181854346129993730,SproutUp,sproutupapp,http://pbs.twimg.com/profile_images/1507145358584934400/L-hg26Qn_normal.jpg,,
150,1298383874850922498,STAY OPEN + stayDAO,staydao,http://pbs.twimg.com/profile_images/1492626441250357248/4hdisOFQ_normal.jpg,ReFi DAO,ReFi DAO
151,1335340563940265985,Storc,storcswap,http://pbs.twimg.com/profile_images/1426445155838611459/T41EdYpN_normal.jpg,GitcoinDAO,
152,1425157729472196610,SuperBenefit,superbenefitdao,http://pbs.twimg.com/profile_images/1501683292252381184/ol7vN85__normal.jpg,,"_slow_crypto - Fabrics of Reality, ClimateDAO , ReFi DAO"
153,1450577818656538624,Surge Women,surge_women,http://pbs.twimg.com/profile_images/1453433842077818883/VZcpMbbl_normal.jpg,"Dream DAO, Toucan, ClimateDAO , Citizen DAO, Crypto Culture and Society, DeveloperDAO, ForeFront, GitcoinDAO, Kernel","_slow_crypto - Fabrics of Reality, AntidoteDAO, Ants-review, Citizen DAO, DeveloperDAO, Kernel, Meta Gamma Delta DAO , Molecule, OpSci, Protein Community, ReFi DAO, Solid World DAO, VitaDAO"
154,1316549542041448448,TEC,tecmns,http://pbs.twimg.com/profile_images/1359180303332433923/J1XNdjPW_normal.png,"DoinGud, voizdao, Kolektivo, VitaDAO, 0xdaoApe, Tip Party, Gitcoin, Popcorn Network, PrimeDAO, Panvala, 1Hive Gardens, Bloom Network, Longtail Financial, Giveth, GitcoinDAO, Curve Labs, 1Hive","0xdaoApe, Ants-review, Avano, Blood M1n3, Citizen DAO, ClimateDAO , Curve Labs, 1Hive Gardens, Giveth, LOA Labs, Longtail Financial, Tip Party, Bloom Network, PrimeDAO, Proof of Humanity, Protein Community, ReFi DAO, Regen Network, Sovereign Nature Initiative, Spark Eco, Geo Web, Toucan, VitaDAO, voizdao, MOONJELLY"
155,1463930881643466764,PeopleDAO,the_peopledao,http://pbs.twimg.com/profile_images/1463931234472509441/D0QThGaI_normal.jpg,"OpenAccessDAO, PizzaDAO, DeveloperDAO","Blood M1n3, DeveloperDAO, Protein Community, UltraSound Merch Supply Chain"
156,1486709808686198786,the AGI DAO,theagidao,http://pbs.twimg.com/profile_images/1486739409651253252/tJwcxYrm_normal.jpg,,
157,1441832916254806018,The Eden Dao,theedendao,http://pbs.twimg.com/profile_images/1486138412155301888/x0Axrznt_normal.jpg,,"AcreDAOS, Aera Force, All for Climate DAO, AntidoteDAO, Avano, Basin DAO, Blood M1n3, Bloomeria, Carbon Captors , Citizen DAO, ClimateDAO , Climate Finance DAO, Clime DAO, Xplorer Club. Environment.wiki, dClimate, Earthbanc, EarthFund, Ecorise, Endaoment, Gr√ºenDAO, Kokonut Network, LOA Labs, Menthol Protocol, NFTree Haus, Bloom Network, PrimeDAO, Protein Community, ReFi DAO, Regen Network, Return Protocol, senken, Sovereign Nature Initiative, Spark Eco, Thirsty Thirsty, VitaDAO, MOONJELLY, Project Ark"
158,1291047910973546496,Geo Web,thegeoweb,http://pbs.twimg.com/profile_images/1370182208053460997/Cb3OyrL3_normal.jpg,"dClimate, ReFi DAO, Kolektivo, Toucan, Tip Party, Ecodao, Gitcoin, Avano, Regen Network, Leyline, Project Ark, Panvala, Kernel, GitcoinDAO, Giveth, DoinGud, TEC, Astral Protocol, Curve Labs","Astral Protocol, Avano, Giveth, Project Ark"
159,997232321328709632,Giving Block,thegivingblock,http://pbs.twimg.com/profile_images/1519765300094418949/6yfhVEAZ_normal.png,"DoinGud, Endaoment, Panvala, Impact, Celo, she256, GitcoinDAO, Blockchain for Climate foundation, Giveth","AcreDAOS, AntidoteDAO, Blockchain for Climate foundation, Bloomeria, Celo, Cherubs DAO, Citizen DAO, DoinGud, Earth.fm, Endaoment, Give Safely, Giveth, Impact, Open Earth Foundation, Panvala, Protein Community, Sovereign Nature Initiative"
160,1488298230840442881,LaborDAO,thelabordao,http://pbs.twimg.com/profile_images/1495543237544710145/CHYRkGuD_normal.jpg,PactDAO,"PactDAO, ReFi DAO"
161,1464170175687806999,Thirsty Thirsty,thirstythirsty8,http://pbs.twimg.com/profile_images/1473381159635591168/2Q3XsoDQ_normal.jpg,"Endaoment, Cabin, ClimateDAO , EthicHub, Cohere, Protein Community, Natives in Tech, The Eden Dao, KlimaDAO, ForeFront","AntidoteDAO, ClimateDAO , Endaoment, Protein Community, Solid World DAO"
162,1236588367267102720,Toucan,toucanprotocol,http://pbs.twimg.com/profile_images/1532273103983857665/tKcldLWM_normal.jpg,"Celo, Nori, Sovereign Nature Initiative, Earthcoin, Protein Community, Popcorn Network, Astral Protocol, Kernel, KlimaDAO, Giveth, VitaDAO, TEC, PrimeDAO, Meta Gamma Delta DAO , Kolektivo, GitcoinDAO, Curve Labs","AcreDAOS, Aera Force, All for Climate DAO, Astral Protocol, Avano, AYOWECCA, Basin DAO, Blockchain for Climate foundation, Blood M1n3, Bloomeria, Carbon Captors , Carbon Collectible NFTs, Celo, Citizen DAO, ClimateDAO , Climate Finance DAO, Clime DAO, Xplorer Club. Environment.wiki, Cool Points Club, Curve Labs, dClimate, Earthbanc, EarthFund, Ecodao, Gitcoin, Giveth, Gr√ºenDAO, Impact, katalyst.earth, Kernel, KlimaDAO, Kokonut Network, Kolektivo, LOA Labs, Longtail Financial, Mercy Corps Ventures FinX, Menthol Protocol, Open Earth Foundation, Open Forest Protocol , Bloom Network, Panvala, PR1S0N Art, PrimeDAO, Protein Community, ReFi DAO, Regen Network, Return Protocol, senken, Solid World DAO, Sovereign Nature Initiative, Spark Eco, Surge Women, Geo Web, VitaDAO, voizdao, MOONJELLY, Project Ark, WellnessDAO"
163,887709027492388865,Treejer,treejertalks,http://pbs.twimg.com/profile_images/1516128881824215042/vWGNL1Ut_normal.jpg,"Celo, ReFi DAO, Kolektivo, Climate Finance DAO, GitcoinDAO, Project Ark, All for Climate DAO, Open Forest Protocol , Earth.fm, UNICEF CryptoFund","Avano, Bloomeria, Carbon Captors , Carbon Collectible NFTs, Climate Finance DAO, Clime DAO, Earth.fm, EarthFund, Kokonut Network, Kolektivo, LOA Labs, ReFi DAO, Return Protocol, senken, Solid World DAO, Project Ark"
164,1347866128165560320,Socialstack,trysocialstack,http://pbs.twimg.com/profile_images/1486017781757845509/QzZje9US_normal.jpg,"DoinGud, Celo, KlimaDAO, Endaoment","Edible Burners, Basin DAO, Celo, DoinGud, Endaoment, PrimeDAO, Protein Community, ReFi DAO"
165,1488196315062444032,UltraSound Merch Supply Chain,ultrasoundmerch,http://pbs.twimg.com/profile_images/1488266138320527366/FmfTA-zW_normal.jpg,"DAOpunks, PeopleDAO, Gitcoin",DAOpunks
166,1243054812,UNICEF CryptoFund,unicefinnovate,http://pbs.twimg.com/profile_images/1239983011539619840/QxoPitsQ_normal.jpg,,"Celo, elimu.ai Community üë©üèΩ‚ÄçüöÄ, Molecule, she256, Treejer"
167,1361314891425067009,VitaDAO,vita_dao,http://pbs.twimg.com/profile_images/1463097895696183298/9EYOgc3Y_normal.jpg,"Celo, ReFi DAO, Kernel, Sovereign Nature Initiative, The Eden Dao, Toucan, Surge Women, OCEAN Protocol, Ecodao, AntidoteDAO, Cabin, Kolektivo, Lynx, PrimeDAO, Gitcoin, OpSci, RnDAO, Molecule, Tip Party, OpenAccessDAO, KlimaDAO, PsyDAO, GitcoinDAO, BioDAO, Giveth, LabDAO, Foresight Institute DAO, Molecule, TEC, Protein Community, Atoms, Curve Labs","AcreDAOS, Edible Burners, AntidoteDAO, Ants-review, BioDAO, Cherubs DAO, Citizen DAO, ClimateDAO , Cabin, Curve Labs, Foresight Institute DAO, Planetary Resilience DAO, Kokonut Network, LabDAO, Lynx, Molecule, OCEAN Protocol, OpenAccessDAO, OpSci, Parcel.money, PrimeDAO, Ribon, Solid World DAO, TEC, Toucan"
168,1444427383574982657,voizdao,voizdao,http://pbs.twimg.com/profile_images/1455999743604125698/iFH-hFWC_normal.jpg,"TEC, PrimeDAO, Curve Labs, Basin DAO, Giveth, Ed3DAO / Ed3 Educators, Blockchain for Climate foundation, KlimaDAO, Toucan, Gitcoin, Regen Network, ixo, 1Hive Gardens, 1Hive","Blockchain for Climate foundation, Giveth, PrimeDAO, TEC"
169,1365378105196511234,MOONJELLY,wearemoonjelly,http://pbs.twimg.com/profile_images/1401629295248764928/3ahETmp2_normal.jpg,"Crowdmuse, Ecorise, Return Protocol, Astral Protocol, PrimeDAO, GitcoinDAO, Toucan, ReFi DAO, Open Forest Protocol , EarthFund, TEC, Kolektivo, Pozzle Planet, Ecodao, Future Foundation, Diatom DAO, KlimaDAO, The Eden Dao, ClimateDAO , Citizen DAO, Basin DAO, All for Climate DAO, Avano, Giveth, DoinGud, Regen Network, Bloomeria, Climate Finance DAO, ixo, Blockchain for Climate foundation, Dream DAO","Avano, Bloomeria, Carbon Collectible NFTs, Citizen DAO, Xplorer Club. Environment.wiki, EarthFund, Ecorise, Giveth, Kokonut Network, Bloom Network, ReFi DAO, Return Protocol, Spark Eco"
170,1346005452702822400,Project Ark,weareprojectark,http://pbs.twimg.com/profile_images/1466469450912251916/9loneEs0_normal.jpg,"Curve Labs, ixo, PrimeDAO, Impact, Brokoli, Blockchain for Climate foundation, Basin DAO, The Eden Dao, Ecodao, KlimaDAO, Open Forest Protocol , Treejer, Toucan, Popcorn Network, PizzaDAO, Open Earth Foundation, Geo Web, Regen Network, Gain Forest","Astral Protocol, ClimateDAO , Gain Forest, Impact, Kokonut Network, Leyline, Regen Network, Geo Web, Treejer"
171,1488939650563596290,Web3 Music Metadata Standards Coalition,web3coalition,http://pbs.twimg.com/profile_images/1531251825839681544/s0qUo77L_normal.jpg,,Cheerbot
172,1485047824152731650,WellnessDAO,wellnessdao,http://pbs.twimg.com/profile_images/1498471208664199172/4taknTus_normal.jpg,"Toucan, Ecodao, Cabin, DeveloperDAO, EarthFund",DeveloperDAO
173,70203939,Worldcoin,worldcoin,http://pbs.twimg.com/profile_images/1514288505882558464/emEFjxlY_normal.jpg,,Protein Community
174,1473990701176262659,RnDAO,RnDAO__,http://pbs.twimg.com/profile_images/1498337715661778946/7YEners2_normal.jpg,,"ReFi DAO, VitaDAO"
175,1532840872471334912,STAY OPEN + stayDAO,staydao,http://abs.twimg.com/sticky/default_profile_images/default_profile_normal.png,,
